"id_filtro_selezione","descrizione","object_context","object_name","filter","bind_expression","error_code_list","note","sort_expression","filter_tipi_avviso","nome_tabella","campo_descr_oggetto","additional_filter","selection_sql"
"1","Risorse umane (tutte)",NULL,"anagraficheId","exists(ruoliAnagrafiche[codiceRuolo='RSRSA'])",NULL,NULL,"Tutte le risorse umane, interne (dipendenti) o esterne (collaboratori).",NULL,NULL,"anagrafiche_id","entrasp.anagrafiche_vr_dati_identificativi(codice_part,id_anagrafica)","exists(ruoliAnagrafiche[codiceRuolo='RSRSA'])","select 'ZZZZ' as codice_az, XXXX as id_filtro, entrasp.anagrafiche_vr_dati_identificativi(codice_part,id_anagrafica) as object_description, 'anagraficheId' as object_name, YYYY  from entrasp.anagrafiche_id an where codice_part='DEMO' 
and exists(select 1 from entrasp.ruoli_anagrafiche ra where an.id_anagrafica=ra.id_anagrafica and an.codice_part=ra.codice_part and ra.codice_ruolo='CLI' and codice_azienda='DEMO')"
"1001","CLIENTI ENTITA' GIURIDICHE",NULL,"anagraficheId","exists(ruoliAnagrafiche[codiceRuolo='CLI']) AND tipoSoggetto = 'E'",NULL,NULL,NULL,NULL,NULL,"anagrafiche_id","entrasp.anagrafiche_vr_dati_identificativi(codice_part,id_anagrafica)","exists(ruoliAnagrafiche[codiceRuolo='CLI']) AND tipoSoggetto = 'E'","select 'ZZZZ' as codice_az, XXXX as id_filtro, entrasp.anagrafiche_vr_dati_identificativi(codice_part,id_anagrafica) as object_description, 'anagraficheId' as object_name, YYYY  from entrasp.anagrafiche_id an where codice_part='DEMO' 
and exists(select 1 from entrasp.ruoli_anagrafiche ra where an.id_anagrafica=ra.id_anagrafica and an.codice_part=ra.codice_part and ra.codice_ruolo='CLI' and codice_azienda='DEMO')"
"1002","Responsabili di segnalazioni scadute oggi",NULL,"anagraficheId","exists(compitiResponsabile[dataSegnalazione <= sysdate])",NULL,NULL,NULL,NULL,NULL,"anagrafiche_id","entrasp.anagrafiche_vr_dati_identificativi(codice_part,id_anagrafica)","exists(compitiResponsabile[dataSegnalazione <= sysdate])","select 'ZZZZ' as codice_az, XXXX as id_filtro, entrasp.anagrafiche_vr_dati_identificativi(codice_part,id_anagrafica) as object_description, 'anagraficheId' as object_name, YYYY  from entrasp.anagrafiche_id an where codice_part='DEMO' 
and exists(select 1 from entrasp.ruoli_anagrafiche ra where an.id_anagrafica=ra.id_anagrafica and an.codice_part=ra.codice_part and ra.codice_ruolo='CLI' and codice_azienda='DEMO')"
"30","Debitori",NULL,"anagraficheId","exists(ruoliAnagrafiche[codiceRuolo='DEB'])",NULL,NULL,"Tutti i debitori",NULL,NULL,"anagrafiche_id","entrasp.anagrafiche_vr_dati_identificativi(codice_part,id_anagrafica)","exists(ruoliAnagrafiche[codiceRuolo='DEB'])","select 'ZZZZ' as codice_az, XXXX as id_filtro, entrasp.anagrafiche_vr_dati_identificativi(codice_part,id_anagrafica) as object_description, 'anagraficheId' as object_name, YYYY  from entrasp.anagrafiche_id an where codice_part='DEMO' 
and exists(select 1 from entrasp.ruoli_anagrafiche ra where an.id_anagrafica=ra.id_anagrafica and an.codice_part=ra.codice_part and ra.codice_ruolo='DEB' and codice_azienda='DEMO')"
"2","Clienti",NULL,"anagraficheId","exists(ruoliAnagrafiche[codiceRuolo='CLI'])",NULL,NULL,"Tutti i clienti senza distinzione tra sede legale, anagrafica contabile, sede operativa, destinazione o altro.",NULL,NULL,"anagrafiche_id","entrasp.anagrafiche_vr_dati_identificativi(codice_part,id_anagrafica)","exists(ruoliAnagrafiche[codiceRuolo='CLI'])","select 'ZZZZ' as codice_az, XXXX as id_filtro, entrasp.anagrafiche_vr_dati_identificativi(codice_part,id_anagrafica) as object_description, 'anagraficheId' as object_name, YYYY  from entrasp.anagrafiche_id an where codice_part='DEMO' 
and exists(select 1 from entrasp.ruoli_anagrafiche ra where an.id_anagrafica=ra.id_anagrafica and an.codice_part=ra.codice_part and ra.codice_ruolo='CLI' and codice_azienda='DEMO')"
"1008","Centri gestionali con sondaggi che scadono tra 14 gg",NULL,"centriGestionali","exists(sondaggi[(stato = 'P' or stato = 'A') and (coalesce(dataEsecuzione, dataPrevista)-14) = sysdate and (idSerie = null or serieRipetizione.cadenza != 'G')])",NULL,NULL,NULL,NULL,NULL,"centri_gestionali","descrizione","exists(sondaggi[(stato = 'P' or stato = 'A') and (coalesce(dataEsecuzione, dataPrevista)-14) = sysdate and (idSerie = null or serieRipetizione.cadenza != 'G')])",NULL
"1009","Centri gestionali con sondaggi che scadono tra 1-7 gg (esclusi giornalieri)",NULL,"centriGestionali","exists(sondaggi[(stato = 'P' or stato = 'A') and (coalesce(dataEsecuzione, dataPrevista)-7) <= sysdate and (coalesce(dataEsecuzione, dataPrevista)-1) >= sysdate and (idSerie = null or serieRipetizione.cadenza != 'G')])",NULL,NULL,NULL,NULL,NULL,"centri_gestionali","descrizione","exists(sondaggi[(stato = 'P' or stato = 'A') and (coalesce(dataEsecuzione, dataPrevista)-7) <= sysdate and (coalesce(dataEsecuzione, dataPrevista)-1) >= sysdate and (idSerie = null or serieRipetizione.cadenza != 'G')])",NULL
"1010","Centri gestionali con sondaggi che scadranno",NULL,"centriGestionali","exists(sondaggi[(stato = 'P' or stato = 'A') and coalesce(dataEsecuzione, dataPrevista) > sysdate])",NULL,NULL,NULL,NULL,NULL,"centri_gestionali","descrizione","exists(sondaggi[(stato = 'P' or stato = 'A') and coalesce(dataEsecuzione, dataPrevista) > sysdate])",NULL
"38","Centri gestionali con sondaggi che scadono tra 7-14 gg (esclusi giornalieri)",NULL,"centriGestionali","exists(sondaggi[(stato = 'P' or stato = 'A') and (coalesce(dataEsecuzione, dataPrevista)-14) <= sysdate and (coalesce(dataEsecuzione, dataPrevista)-7) > sysdate and serieRipetizione.cadenza != 'G'])",NULL,NULL,NULL,NULL,NULL,"centri_gestionali","descrizione","exists(sondaggi[(stato = 'P' or stato = 'A') and (coalesce(dataEsecuzione, dataPrevista)-14) <= sysdate and (coalesce(dataEsecuzione, dataPrevista)-7) > sysdate and serieRipetizione.cadenza != 'G'])",NULL
"4","Dipendenti",NULL,"anagraficheId","exists(ruoliAnagrafiche[codiceRuolo='DIP'])",NULL,NULL,"Tutti i dipendenti",NULL,NULL,"anagrafiche_id","entrasp.anagrafiche_vr_dati_identificativi(codice_part,id_anagrafica)","exists(ruoliAnagrafiche[codiceRuolo='DIP'])","select 'ZZZZ' as codice_az, XXXX as id_filtro, entrasp.anagrafiche_vr_dati_identificativi(codice_part,id_anagrafica) as object_description, 'anagraficheId' as object_name, YYYY  from entrasp.anagrafiche_id an where codice_part='DEMO' 
and exists(select 1 from entrasp.ruoli_anagrafiche ra where an.id_anagrafica=ra.id_anagrafica and an.codice_part=ra.codice_part and ra.codice_ruolo in ('DIP', 'RSRSA') and codice_azienda='DEMO')"
"34","Anagrafiche tutte",NULL,"anagraficheId",NULL,NULL,NULL,"Anagrafiche tutte",NULL,NULL,"anagrafiche_id","entrasp.anagrafiche_vr_dati_identificativi(codice_part,id_anagrafica)",NULL,"select 'ZZZZ' as codice_az, XXXX as id_filtro, entrasp.anagrafiche_vr_dati_identificativi(codice_part,id_anagrafica) as object_description, 'anagraficheId' as object_name, YYYY  from entrasp.anagrafiche_id an where codice_part='DEMO' "
"3","Fonti di rischio (per argomento e rischio specifico)","sondaggi","fontiRischio","rischio.rischiTipiTest.idArgomento = ? and codiceRischio = ?","modelloTest.idArgomento|modelloTest.cplModelloTest.codiceRischio",NULL,"Tutte le fonti di rischio associate al rischio indicato nel modello di test e all'argomento indicato nel sondaggio.",NULL,NULL,"fonti_rischio","descrizione","rischio.rischiTipiTest.idArgomento = ? and codiceRischio = ?",NULL
"8","Procedure aziendali",NULL,"procedureAziendali",NULL,NULL,NULL,"Tutte le procedure aziendali.",NULL,NULL,"procedureAziendali",NULL,NULL,NULL
"9","Fornitori",NULL,"anagraficheId","exists(ruoliAnagrafiche[codiceRuolo='FOR'])",NULL,NULL,"Tutti i fornitori senza distinzione tra sede legale, anagrafica contabile, sede operativa, destinazione o altro.",NULL,NULL,"anagrafiche_id","entrasp.anagrafiche_vr_dati_identificativi(codice_part,id_anagrafica)","exists(ruoliAnagrafiche[codiceRuolo='FOR'])","select 'ZZZZ' as codice_az, XXXX as id_filtro, entrasp.anagrafiche_vr_dati_identificativi(codice_part,id_anagrafica) as object_description, 'anagraficheId' as object_name, YYYY  from entrasp.anagrafiche_id an where codice_part='DEMO' 
and exists(select 1 from entrasp.ruoli_anagrafiche ra where an.id_anagrafica=ra.id_anagrafica and an.codice_part=ra.codice_part and ra.codice_ruolo='CLI' and codice_azienda='DEMO')"
"37","Centri gestionali con sondaggi da fare",NULL,"centriGestionali","exists(sondaggi[(stato = 'P' or stato = 'A')])",NULL,NULL,NULL,NULL,NULL,"centri_gestionali","descrizione","exists(sondaggi[(stato = 'P' or stato = 'A')])",NULL
"1005","Centri gestionali con sondaggi che scadono tra 30-60 gg (esclusi giornalieri)",NULL,"centriGestionali","exists(sondaggi[(stato = 'P' or stato = 'A') and (coalesce(dataEsecuzione, dataPrevista)-60) <= sysdate and (coalesce(dataEsecuzione, dataPrevista)-30) > sysdate and (idSerie = null or serieRipetizione.cadenza != 'G')])",NULL,NULL,NULL,NULL,NULL,"centri_gestionali","descrizione","exists(sondaggi[(stato = 'P' or stato = 'A') and (coalesce(dataEsecuzione, dataPrevista)-60) <= sysdate and (coalesce(dataEsecuzione, dataPrevista)-30) > sysdate and (idSerie = null or serieRipetizione.cadenza != 'G')])",NULL
"1011","Centri gestionali con sondaggi scaduti e confermati",NULL,"centriGestionali","exists(sondaggi[(stato = 'A') and coalesce(dataEsecuzione, dataPrevista) <= sysdate])",NULL,NULL,"Centri gestionali con sondaggi scaduti e confermati",NULL,NULL,"centri_gestionali","descrizione","exists(sondaggi[(stato = 'A') and coalesce(dataEsecuzione, dataPrevista) <= sysdate])",NULL
"1004","CG con sondaggi annuali tra 30-90 gg",NULL,"centriGestionali","exists(sondaggi[(stato = 'P' or stato = 'A') and (coalesce(dataEsecuzione, dataPrevista)-90) <= sysdate and (coalesce(dataEsecuzione, dataPrevista)-30) > sysdate and serieRipetizione.cadenza != 'A'])",NULL,NULL,"Centri gestionali con sondaggi annuali che scadono tra 30-90 gg ",NULL,NULL,"centri_gestionali","descrizione","exists(sondaggi[(stato = 'P' or stato = 'A') and (coalesce(dataEsecuzione, dataPrevista)-90) <= sysdate and (coalesce(dataEsecuzione, dataPrevista)-30) > sysdate and serieRipetizione.cadenza != 'A'])",NULL
"1007","CG con sondaggi annuali o mensili tra 14-21 gg",NULL,"centriGestionali","exists(sondaggi[(stato = 'P' or stato = 'A') and (coalesce(dataEsecuzione, dataPrevista)-21) <= sysdate and (coalesce(dataEsecuzione, dataPrevista)-14) > sysdate and (idSerie = null or (serieRipetizione.cadenza != 'G' AND serieRipetizione.cadenza != 'S' ))])",NULL,NULL,"Centri gestionali con sondaggi che scadono tra 14-21 gg",NULL,NULL,"centri_gestionali","descrizione","exists(sondaggi[(stato = 'P' or stato = 'A') and (coalesce(dataEsecuzione, dataPrevista)-21) <= sysdate and (coalesce(dataEsecuzione, dataPrevista)-14) > sysdate and (idSerie = null or (serieRipetizione.cadenza != 'G' AND serieRipetizione.cadenza != 'S' ))])",NULL
"1006","CG con sondaggi annuali o mensili tra 21-30 gg ",NULL,"centriGestionali","exists(sondaggi[(stato = 'P' or stato = 'A') and (coalesce(dataEsecuzione, dataPrevista)-30) <= sysdate and (coalesce(dataEsecuzione, dataPrevista)-21) > sysdate and (idSerie = null or (serieRipetizione.cadenza != 'G' AND serieRipetizione.cadenza != 'S'))])",NULL,NULL,"Centri gestionali con sondaggi annuali o mensili che scadono tra 21-30 gg ",NULL,NULL,"centri_gestionali","descrizione","exists(sondaggi[(stato = 'P' or stato = 'A') and (coalesce(dataEsecuzione, dataPrevista)-30) <= sysdate and (coalesce(dataEsecuzione, dataPrevista)-21) > sysdate and (idSerie = null or (serieRipetizione.cadenza != 'G' AND serieRipetizione.cadenza != 'S'))])",NULL
"1036","Centri gestionali con sondaggi scaduti e confermati (audit e compliance Finafarm)",NULL,"centriGestionali","exists(sondaggi[(idCentroGest = 13 or idCentroGest = 15 or idCentroGest = 16) and stato = 'A' and coalesce(dataEsecuzione, dataPrevista) <= sysdate])",NULL,NULL,"Centri gestionali con sondaggi scaduti e confermati (audit e compliance Finafarm)",NULL,NULL,"centri_gestionali","descrizione","exists(sondaggi[(idCentroGest = 13 or idCentroGest = 15 or idCentroGest = 16) and stato = 'A' and coalesce(dataEsecuzione, dataPrevista) <= sysdate])",NULL
"1037","Centri gestionali con sondaggi scaduti e confermati (NO controller Finafarm)",NULL,"centriGestionali","exists(sondaggi[idCentroGest != 13 and idCentroGest != 15 and idCentroGest != 16 and stato = 'A' and coalesce(dataEsecuzione, dataPrevista) <= sysdate])",NULL,NULL,"Centri gestionali con sondaggi scaduti e confermati (NO audit e compliance Finafarm)",NULL,NULL,"centri_gestionali","descrizione","exists(sondaggi[idCentroGest != 13 and idCentroGest != 15 and idCentroGest != 16 and stato = 'A' and coalesce(dataEsecuzione, dataPrevista) <= sysdate])",NULL
"12","Sondaggi",NULL,"sondaggi","stato != 'N'",NULL,NULL,"Tutti i sondaggi.",NULL,NULL,"sondaggi",NULL,"stato != 'N'",NULL
"14","Risposte",NULL,"riepilogoRisposte",NULL,NULL,NULL,"Tutte le risposte.",NULL,NULL,"riepilogoRisposte",NULL,NULL,NULL
"15","Appuntamenti ed impegni provvisori",NULL,"agenda","stato = 'P'",NULL,NULL,NULL,NULL,NULL,"agenda",NULL,"stato = 'P'",NULL
"0","Popolazione generica",NULL,"aziende",NULL,NULL,NULL,"Oggetto di base usato quando la selezione non è rilevante.",NULL,NULL,"aziende","ragione_sociale",NULL,NULL
"23","Mese corrente",NULL,"periodi","tipo = 'M' and dataDa <= sysdate and dataA >= sysdate",NULL,NULL,NULL,NULL,NULL,"periodi",NULL,"tipo = 'M' and dataDa <= sysdate and dataA >= sysdate",NULL
"53","Anagrafiche legate consuntivazioni connesse a compiti aperti",NULL,"anagraficheId","exists(consuntivazioniRis[(compito.stato = 'P' or compito.stato = 'A' or compito.stato = 'T' or compito.stato = 'V' or compito.stato = 'W') and compito.tipoSegnalazione.idTipoSegnalazione = 108])",NULL,NULL,NULL,NULL,NULL,"anagrafiche_id","entrasp.anagrafiche_vr_dati_identificativi(codice_part,id_anagrafica)","exists(consuntivazioniRis[(compito.stato = 'P' or compito.stato = 'A' or compito.stato = 'T' or compito.stato = 'V' or compito.stato = 'W') and compito.tipoSegnalazione.idTipoSegnalazione = 108])","select 'ZZZZ' as codice_az, XXXX as id_filtro, entrasp.anagrafiche_vr_dati_identificativi(codice_part,id_anagrafica) as object_description, 'anagraficheId' as object_name, YYYY  from entrasp.anagrafiche_id an where codice_part='DEMO' 
and exists(select 1 from entrasp.ruoli_anagrafiche ra where an.id_anagrafica=ra.id_anagrafica and an.codice_part=ra.codice_part and ra.codice_ruolo='CLI' and codice_azienda='DEMO')"
"55","Alunni",NULL,"anagraficheId","exists(ruoliAnagrafiche[codiceRuolo='DIP'])",NULL,NULL,"Alunni del professore",NULL,NULL,"anagrafiche_id","entrasp.anagrafiche_vr_dati_identificativi(codice_part,id_anagrafica)","exists(ruoliAnagrafiche[codiceRuolo='DIP'])","select 'ZZZZ' as codice_az, XXXX as id_filtro, entrasp.anagrafiche_vr_dati_identificativi(codice_part,id_anagrafica) as object_description, 'anagraficheId' as object_name, YYYY  from entrasp.anagrafiche_id an where codice_part='DEMO' 
and exists(select 1 from entrasp.ruoli_anagrafiche ra where an.id_anagrafica=ra.id_anagrafica and an.codice_part=ra.codice_part and ra.codice_ruolo='CLI' and codice_azienda='DEMO')"
"56","Risorse con fasi di progetto attive assegnate",NULL,"anagraficheId","exists(progettiFasiTr[progettoFase.stato = 'I' and dataInizio = null])",NULL,NULL,NULL,NULL,NULL,"anagrafiche_id","entrasp.anagrafiche_vr_dati_identificativi(codice_part,id_anagrafica)","exists(progettiFasiTr[progettoFase.stato = 'I' and dataInizio = null])","select 'ZZZZ' as codice_az, XXXX as id_filtro, entrasp.anagrafiche_vr_dati_identificativi(codice_part,id_anagrafica) as object_description, 'anagraficheId' as object_name, YYYY  from entrasp.anagrafiche_id an where codice_part='DEMO' 
and exists(select 1 from entrasp.ruoli_anagrafiche ra where an.id_anagrafica=ra.id_anagrafica and an.codice_part=ra.codice_part and ra.codice_ruolo='CLI' and codice_azienda='DEMO')"
"54","Modelli di progetto",NULL,"attivita","codiceAttivitaParent=Null AND dataFineValidita=Null",NULL,NULL,NULL,NULL,NULL,"attivita",NULL,"codiceAttivitaParent=Null AND dataFineValidita=Null",NULL
"43","CG con scadenza bi-tri-quadrimestrale tra 30 gg",NULL,"centriGestionali","exists(sondaggi[(stato = 'P' or stato = 'A') and (coalesce(dataEsecuzione, dataPrevista)-30) <= sysdate and (coalesce(dataEsecuzione, dataPrevista)-29) > sysdate and (serieRipetizione.cadenza= 'M' AND (serieRipetizione.periodicita=2 or serieRipetizione.periodicita=3 or serieRipetizione.periodicita=4))])",NULL,NULL,"Centri gestionali con scadenza bimestrale, trimestrale o quadrimestrale che scadono tra 30 giorni",NULL,NULL,"centri_gestionali","descrizione","exists(sondaggi[(stato = 'P' or stato = 'A') and (coalesce(dataEsecuzione, dataPrevista)-30) <= sysdate and (coalesce(dataEsecuzione, dataPrevista)-29) > sysdate and (serieRipetizione.cadenza= 'M' AND (serieRipetizione.periodicita=2 or serieRipetizione.periodicita=3 or serieRipetizione.periodicita=4))])",NULL
"10","Rischi associati all'argomento selezionato",NULL,"rischi","rischiTipiTest.idArgomento = ?","modelloTest.idArgomento",NULL,"Tutti i rischi associati all'argomento indicato nel modello di test stesso.",NULL,NULL,"rischi",NULL,"rischiTipiTest.idArgomento = ?",NULL
"11","Compiti non chiusi",NULL,"compiti","stato != 'C' and stato != 'N'",NULL,NULL,NULL,NULL,NULL,"compiti",NULL,"stato != 'C' and stato != 'N'",NULL
"7","Eventi/progetti",NULL,"eventi",NULL,NULL,NULL,"Tutti gli eventi/progetti.",NULL,NULL,"eventi","descrizione",NULL,NULL
"5","Fonti di rischio (per tipo modello di test e rischio specifico)",NULL,"fontiRischio","rischio.rischiTipiTest.idTipoModelloTest = ? and codiceRischio = ?","modelloTest.idTipoModellloTest|modelloTest.cplModelloTest.codiceRischio",NULL,"Tutte le fonti di rischio associate al rischio e al tipo di modello di test indicato nel modello di test stesso.",NULL,NULL,"fonti_rischio","descrizione","rischio.rischiTipiTest.idTipoModelloTest = ? and codiceRischio = ?",NULL
"6","Fonti di rischio (per tipo modello di test specifico)",NULL,"fontiRischio","rischio.rischiTipiTest.idTipoModelloTest = ?","modelloTest.idTipoModellloTest",NULL,"Tutte le fonti di rischio associate al tipo di modello di test indicato nel modello di test stesso.",NULL,NULL,"fonti_rischio","descrizione","rischio.rischiTipiTest.idTipoModelloTest = ?",NULL
"1039","Listini promozionali da approvare",NULL,"listiniVendita","flagPromozione = '1' and stato = 'A'",NULL,NULL,NULL,NULL,NULL,"listiniVendita",NULL,"flagPromozione = '1' and stato = 'A'",NULL
"100","Rischi",NULL,"rischi",NULL,NULL,NULL,"Tutti i rischi",NULL,NULL,"rischi",NULL,NULL,NULL
"1038","Campionature",NULL,"documenti","codiceTipoDocAz = 'CPTR' and stato = 'C'",NULL,NULL,NULL,NULL,NULL,"documenti",NULL,"codiceTipoDocAz = 'CPTR' and stato = 'C'",NULL
"24","Farmaci",NULL,"articoli","codiceTipoArticolo='FAR'",NULL,NULL,NULL,NULL,NULL,"articoli",NULL,"codiceTipoArticolo='FAR'",NULL
"20","Mandati",NULL,"contratti",NULL,NULL,NULL,"Mandati",NULL,NULL,"contratti",NULL,NULL,NULL
"19","Finanziamenti Finafarm",NULL,"articoli","codiceTipoArticolo='FIN'",NULL,NULL,NULL,NULL,NULL,"articoli",NULL,"codiceTipoArticolo='FIN'",NULL
"22","Progetti",NULL,"progetti",NULL,NULL,NULL,NULL,NULL,NULL,"progetti",NULL,NULL,NULL
"21","Linee di prodotto (Fasi progetti)",NULL,"progettiFasi",NULL,NULL,NULL,NULL,NULL,NULL,"progettiFasi",NULL,NULL,NULL
"61","Consuntivazioni",NULL,"consuntivazioni",NULL,NULL,NULL,NULL,"dataIntervento",NULL,"consuntivazioni",NULL,NULL,NULL
"42","Risorse aziendali",NULL,"anagraficheRis",NULL,NULL,NULL,"Risorse aziendali",NULL,NULL,"anagraficheRis",NULL,NULL,NULL
"13","Somministrazioni",NULL,"sondaggiSomministrati","stato != 'N'",NULL,NULL,"Tutte le somministrazioni.",NULL,NULL,"sondaggi_somministrati",NULL,"stato != 'N'",NULL
"62","Trattamenti dati",NULL,"cplTrattamentiDati",NULL,NULL,NULL,NULL,NULL,NULL,"cpl_trattamenti_dati","titolo",NULL,NULL
"17","Uffici/ Centri gestionali/ aree",NULL,"centriGestionali",NULL,NULL,NULL,"Tutti gli uffici ",NULL,NULL,"centri_gestionali","descrizione",NULL,NULL
"16","Centri gestionali con sondaggi scaduti",NULL,"centriGestionali","exists(sondaggi[(stato = 'P' or stato = 'A') and coalesce(dataEsecuzione, dataPrevista) <= sysdate])",NULL,NULL,NULL,NULL,NULL,"centri_gestionali","descrizione","exists(sondaggi[(stato = 'P' or stato = 'A') and coalesce(dataEsecuzione, dataPrevista) <= sysdate])",NULL
"18","Centri gestionali con controlli annuali in scadenza",NULL,"centriGestionali","exists(sondaggi[(stato = 'P' or stato = 'A') and coalesce(dataEsecuzione, dataPrevista)+129600 <= sysdate])",NULL,NULL,NULL,NULL,NULL,"centri_gestionali","descrizione","exists(sondaggi[(stato = 'P' or stato = 'A') and coalesce(dataEsecuzione, dataPrevista)+129600 <= sysdate])",NULL
"1003","Centri gestionali con segnalazioni aperte",NULL,"centriGestionali","exists(compiti[(stato = 'P' or stato = 'A' or stato = 'T' or stato = 'V' or stato = 'W')]) ",NULL,NULL,NULL,NULL,NULL,"centri_gestionali","descrizione","exists(compiti[(stato = 'P' or stato = 'A' or stato = 'T' or stato = 'V' or stato = 'W')]) ",NULL
"49","CG con scadenza mensile tra 10 gg",NULL,"centriGestionali","exists(sondaggi[(stato = 'P' or stato = 'A') and (coalesce(dataEsecuzione, dataPrevista)-10) <= sysdate and (coalesce(dataEsecuzione, dataPrevista)-9) > sysdate and (serieRipetizione.cadenza= 'M' AND serieRipetizione.periodicita=1)])",NULL,NULL,"Centri gestionali con scadenza mensile che scadono tra 10 giorni",NULL,NULL,"centri_gestionali","descrizione","exists(sondaggi[(stato = 'P' or stato = 'A') and (coalesce(dataEsecuzione, dataPrevista)-10) <= sysdate and (coalesce(dataEsecuzione, dataPrevista)-9) > sysdate and (serieRipetizione.cadenza= 'M' AND serieRipetizione.periodicita=1)])",NULL
"51","CG con scadenza bi-settimanale tra 5 gg",NULL,"centriGestionali","exists(sondaggi[(stato = 'P' or stato = 'A') and (coalesce(dataEsecuzione, dataPrevista)-5) <= sysdate and (coalesce(dataEsecuzione, dataPrevista)-4) > sysdate and (serieRipetizione.cadenza= 'S' AND serieRipetizione.periodicita=2)])",NULL,NULL,"Centri gestionali con scadenza bi-settimanale che scadono tra 5 giorni",NULL,NULL,"centri_gestionali","descrizione","exists(sondaggi[(stato = 'P' or stato = 'A') and (coalesce(dataEsecuzione, dataPrevista)-5) <= sysdate and (coalesce(dataEsecuzione, dataPrevista)-4) > sysdate and (serieRipetizione.cadenza= 'S' AND serieRipetizione.periodicita=2)])",NULL
"44","CG con scadenza bi-tri-quadrimestrale tra 5 gg",NULL,"centriGestionali","exists(sondaggi[(stato = 'P' or stato = 'A') and (coalesce(dataEsecuzione, dataPrevista)-5) <= sysdate and (coalesce(dataEsecuzione, dataPrevista)-4) > sysdate and (serieRipetizione.cadenza= 'M' AND (serieRipetizione.periodicita=2 or serieRipetizione.periodicita=3 or serieRipetizione.periodicita=4))])",NULL,NULL,"Centri gestionali con scadenza bimestrale, trimestrale o quadrimestrale che scadono tra 5 giorni",NULL,NULL,"centri_gestionali","descrizione","exists(sondaggi[(stato = 'P' or stato = 'A') and (coalesce(dataEsecuzione, dataPrevista)-5) <= sysdate and (coalesce(dataEsecuzione, dataPrevista)-4) > sysdate and (serieRipetizione.cadenza= 'M' AND (serieRipetizione.periodicita=2 or serieRipetizione.periodicita=3 or serieRipetizione.periodicita=4))])",NULL
"45","CG con scadenza semestrale tra 60 gg",NULL,"centriGestionali","exists(sondaggi[(stato = 'P' or stato = 'A') and (coalesce(dataEsecuzione, dataPrevista)-60) <= sysdate and (coalesce(dataEsecuzione, dataPrevista)-59) > sysdate and (serieRipetizione.cadenza= 'M' AND serieRipetizione.periodicita=6)])",NULL,NULL,"Centri gestionali con scadenza semestrale che scadono tra 60 giorni",NULL,NULL,"centri_gestionali","descrizione","exists(sondaggi[(stato = 'P' or stato = 'A') and (coalesce(dataEsecuzione, dataPrevista)-60) <= sysdate and (coalesce(dataEsecuzione, dataPrevista)-59) > sysdate and (serieRipetizione.cadenza= 'M' AND serieRipetizione.periodicita=6)])",NULL
"47","CG con scadenza annuale tra 90 gg",NULL,"centriGestionali","exists(sondaggi[(stato = 'P' or stato = 'A') and (coalesce(dataEsecuzione, dataPrevista)-90) <= sysdate and (coalesce(dataEsecuzione, dataPrevista)-89) > sysdate and serieRipetizione.cadenza= 'A'])",NULL,NULL,"Centri gestionali con scadenza annuale che scadono tra 90 giorni",NULL,NULL,"centri_gestionali","descrizione","exists(sondaggi[(stato = 'P' or stato = 'A') and (coalesce(dataEsecuzione, dataPrevista)-90) <= sysdate and (coalesce(dataEsecuzione, dataPrevista)-89) > sysdate and serieRipetizione.cadenza= 'A'])",NULL
"50","CG con scadenza mensile o settimanale tra 3 gg",NULL,"centriGestionali","exists(sondaggi[(stato = 'P' or stato = 'A') and (coalesce(dataEsecuzione, dataPrevista)-3) <= sysdate and (coalesce(dataEsecuzione, dataPrevista)-2) > sysdate and (serieRipetizione.cadenza= 'M' OR serieRipetizione.cadenza= 'S') AND serieRipetizione.periodicita=1])",NULL,NULL,"Centri gestionali con scadenza mensile o settimanale che scadono tra 3 giorni",NULL,NULL,"centri_gestionali","descrizione","exists(sondaggi[(stato = 'P' or stato = 'A') and (coalesce(dataEsecuzione, dataPrevista)-3) <= sysdate and (coalesce(dataEsecuzione, dataPrevista)-2) > sysdate and (serieRipetizione.cadenza= 'M' OR serieRipetizione.cadenza= 'S') AND serieRipetizione.periodicita=1])",NULL
"46","CG con scadenza semestrale tra 20 gg",NULL,"centriGestionali","exists(sondaggi[(stato = 'P' or stato = 'A') and (coalesce(dataEsecuzione, dataPrevista)-20) <= sysdate and (coalesce(dataEsecuzione, dataPrevista)-19) > sysdate and (serieRipetizione.cadenza= 'M' AND serieRipetizione.periodicita=6)])",NULL,NULL,"Centri gestionali con scadenza semestrale che scadono tra 20 giorni",NULL,NULL,"centri_gestionali","descrizione","exists(sondaggi[(stato = 'P' or stato = 'A') and (coalesce(dataEsecuzione, dataPrevista)-20) <= sysdate and (coalesce(dataEsecuzione, dataPrevista)-19) > sysdate and (serieRipetizione.cadenza= 'M' AND serieRipetizione.periodicita=6)])",NULL
"48","CG con scadenza annuale tra 30 gg",NULL,"centriGestionali","exists(sondaggi[(stato = 'P' or stato = 'A') and (coalesce(dataEsecuzione, dataPrevista)-30) <= sysdate and (coalesce(dataEsecuzione, dataPrevista)-29) > sysdate and serieRipetizione.cadenza= 'A'])",NULL,NULL,"Centri gestionali con scadenza annuale che scadono tra 30 giorni",NULL,NULL,"centri_gestionali","descrizione","exists(sondaggi[(stato = 'P' or stato = 'A') and (coalesce(dataEsecuzione, dataPrevista)-30) <= sysdate and (coalesce(dataEsecuzione, dataPrevista)-29) > sysdate and serieRipetizione.cadenza= 'A'])",NULL
"52","Centri gestionali con segnalazioni di tipo comunicazione aperte",NULL,"centriGestionali","exists(compiti[(stato = 'P' or stato = 'A' or stato = 'T' or stato = 'V' or stato = 'W') AND tipoSegnalazione.codice='CMN']) ",NULL,NULL,NULL,NULL,NULL,"centri_gestionali","descrizione","exists(compiti[(stato = 'P' or stato = 'A' or stato = 'T' or stato = 'V' or stato = 'W') AND tipoSegnalazione.codice='CMN']) ",NULL
