"table_name";"column_name"
"abi";"codice"
"abilitazioni";"nome_profilo"
"abilitazioni";"privilegio"
"agenda";"codice_azienda"
"agenda";"id_agenda"
"aliquote";"codice_aliquota"
"aliquote";"codice_part"
"aliquote_parametri";"codice_aliquota"
"aliquote_parametri";"codice_part"
"aliquote_parametri";"data_inizio_validita"
"aliquote_tipi_doc_az";"codice_aliquota"
"aliquote_tipi_doc_az";"codice_azienda"
"aliquote_tipi_doc_az";"codice_part"
"aliquote_tipi_doc_az";"codice_tipo_doc"
"aliquote_tipi_doc_az";"codice_tipo_doc_az"
"anagrafiche_cat_tecn";"codice_azienda"
"anagrafiche_cat_tecn";"codice_cat_comm"
"anagrafiche_cat_tecn";"id_fornitore"
"anagrafiche_cli";"codice_azienda"
"anagrafiche_cli";"id_anagrafica"
"anagrafiche_col";"cod_meccanografico"
"anagrafiche_col";"codice_azienda"
"anagrafiche_col";"id_anagrafica"
"anagrafiche_for";"codice_azienda"
"anagrafiche_for";"id_anagrafica"
"anagrafiche_ft";"codice_part"
"anagrafiche_ft";"id_anagrafica"
"anagrafiche_ft";"prog_vr"
"anagrafiche_ft";"word"
"anagrafiche_id";"codice_part"
"anagrafiche_id";"id_anagrafica"
"anagrafiche_marchi_commerciali";"codice_part"
"anagrafiche_marchi_commerciali";"id_anagrafica"
"anagrafiche_marchi_commerciali";"id_marchio_commerciale"
"anagrafiche_pdv";"codice_part"
"anagrafiche_pdv";"data_inizio_validita"
"anagrafiche_pdv";"id_anagrafica"
"anagrafiche_pdv";"id_anagrafica_brand"
"anagrafiche_ris";"codice_azienda"
"anagrafiche_ris";"id_anagrafica"
"anagrafiche_statistiche";"codice_azienda"
"anagrafiche_statistiche";"codice_statistico"
"anagrafiche_vr";"codice_part"
"anagrafiche_vr";"id_anagrafica"
"anagrafiche_vr";"prog_vr"
"anticipo_fatture_movim";"codice_azienda"
"anticipo_fatture_movim";"id_documento"
"anticipo_fatture_movim";"id_fattura"
"anticipo_fatture_movim";"id_partitario"
"aree_geografiche";"codice_azienda"
"aree_geografiche";"id_area_geografica"
"aree_geografiche_zone";"codice_azienda"
"aree_geografiche_zone";"codice_zona"
"aree_geografiche_zone";"id_area_geografica"
"argomenti";"id_argomento"
"articoli";"codice_azienda"
"articoli";"id_articolo"
"articoli_normativi";"codice_articolo_normativo"
"articoli_normativi";"id_testo_normativo"
"articoli_normativi_rif";"codice_articolo_normativo"
"articoli_normativi_rif";"codice_articolo_normativo_rif"
"articoli_normativi_rif";"id_testo_normativo"
"articoli_normativi_rif";"id_testo_normativo_rif"
"articoli_ubicazioni";"codice_azienda"
"articoli_ubicazioni";"codice_magazzino"
"articoli_ubicazioni";"codice_variante"
"articoli_ubicazioni";"id_articolo"
"articoli_varianti";"codice_azienda"
"articoli_varianti";"codice_variante"
"articoli_varianti";"id_articolo"
"articoli_varianti_ft";"codice_azienda"
"articoli_varianti_ft";"codice_variante"
"articoli_varianti_ft";"id_articolo"
"articoli_varianti_ft";"word"
"articoli_varianti_imballi";"codice_azienda"
"articoli_varianti_imballi";"codice_variante"
"articoli_varianti_imballi";"id_articolo"
"articoli_varianti_imballi";"id_tipo_imballo"
"articoli_varianti_limiti";"codice_azienda"
"articoli_varianti_limiti";"codice_variante"
"articoli_varianti_limiti";"id_articolo"
"articoli_varianti_limiti";"valido_dal"
"articoli_varianti_lingue";"codice_azienda"
"articoli_varianti_lingue";"codice_lingua"
"articoli_varianti_lingue";"codice_variante"
"articoli_varianti_lingue";"id_articolo"
"aspetto_beni";"codice_azienda"
"aspetto_beni";"id"
"assegnazioni";"codice_azienda"
"assegnazioni";"id"
"assegnazioni_incassi";"codice_part"
"assegnazioni_incassi";"id_assegnazione"
"assegnazioni_incassi_aziende";"codice_part"
"assegnazioni_incassi_aziende";"id_assegnazione"
"assegnazioni_incassi_aziende";"id_assegnazione_azienda"
"assegnazioni_xref";"codice_azienda"
"assegnazioni_xref";"id_next"
"assegnazioni_xref";"id_prev"
"assemblee";"codice_azienda"
"assemblee";"id_assemblea"
"assemblee_odg";"codice_azienda"
"assemblee_odg";"id_assemblea"
"assemblee_odg";"id_odg"
"asset";"codice_azienda"
"asset";"id_asset"
"asset_movimenti";"codice_azienda"
"asset_movimenti";"codice_magazzino"
"asset_movimenti";"id_asset"
"asset_movimenti";"numero_bolla"
"asset_movimenti";"numero_riga"
"attivita";"codice_attivita"
"attivita";"codice_azienda"
"attrezzature";"codice_azienda"
"attrezzature";"id_attrezzatura"
"audit_trail";"codice_azienda"
"audit_trail";"id"
"autocert_134_2012";"anno"
"autocert_134_2012";"codice_azienda"
"autocert_134_2012";"mese"
"autorizzazioni";"auto_id"
"autorizzazioni_epc";"codice_azienda"
"autorizzazioni_epc";"codice_azienda_autorizzata"
"autorizzazioni_epc";"codice_part"
"avvisi";"chiave"
"avvisi";"codice_azienda"
"avvisi";"id_tipo_avviso"
"aziende";"codice_azienda"
"aziende_cfg";"codice_azienda"
"batch_fatt";"codice_azienda"
"batch_fatt";"id_batch_fatt"
"batch_fatt_criteri";"codice_azienda"
"batch_fatt_criteri";"id_criterio"
"batch_fatt_criteri_ragg";"codice_azienda"
"batch_fatt_criteri_ragg";"id_criterio"
"batch_fatt_criteri_ragg";"prog_ragg"
"batch_fatt_errors";"codice_azienda"
"batch_fatt_errors";"id"
"batch_fatt_errors";"id_batch_fatt"
"batch_gen_dett_fatt";"codice_azienda"
"batch_gen_dett_fatt";"id_batch"
"batch_gen_dett_fatt_err";"codice_azienda"
"batch_gen_dett_fatt_err";"id"
"batch_gen_dett_fatt_err";"id_batch"
"batch_scarichi";"codice_azienda"
"batch_scarichi";"id_batch_scarico"
"batch_scarichi_documenti";"codice_azienda"
"batch_scarichi_documenti";"id_batch_scarichi_documenti"
"batch_servizi_fatturazione";"codice_azienda"
"batch_servizi_fatturazione";"id_batch"
"batch_servizi_fatturazione_err";"codice_azienda"
"batch_servizi_fatturazione_err";"id"
"batch_servizi_fatturazione_err";"id_batch"
"batch_servizi_fatturazione_err2";"codice_azienda"
"batch_servizi_fatturazione_err2";"id"
"batch_servizi_fatturazione_err2";"id_batch"
"black_list";"codice_nazione"
"black_list";"data_inizio"
"bolle";"codice_azienda"
"bolle";"codice_magazzino"
"bolle";"numero_bolla"
"bolle_righe";"codice_azienda"
"bolle_righe";"codice_magazzino"
"bolle_righe";"numero_bolla"
"bolle_righe";"numero_riga"
"bpm_data_effect";"codice_part"
"bpm_data_effect";"deff_id"
"bpm_data_effect_column";"codice_part"
"bpm_data_effect_column";"defc_id"
"bpm_flow";"codice_part"
"bpm_flow";"flow_id"
"bpm_log";"codice_part"
"bpm_log";"log_id"
"bpm_notifications";"codice_part"
"bpm_notifications";"noti_id"
"bpm_proc_step";"codice_part"
"bpm_proc_step";"step_id"
"bpm_proc_step_type";"styp_id"
"bpm_process";"codice_part"
"bpm_process";"proc_id"
"bpm_process_instance";"codice_part"
"bpm_process_instance";"inst_id"
"bpm_step_fields";"codice_part"
"bpm_step_fields";"sfld_id"
"bpm_step_instance";"codice_part"
"bpm_step_instance";"sins_id"
"bpm_step_type_fields";"stfl_id"
"bpm_step_type_validation";"stvl_id"
"bpm_step_validation";"codice_part"
"bpm_step_validation";"sval_id"
"bpm_usr_notification_rules";"codice_part"
"bpm_usr_notification_rules";"rule_label"
"branch";"codice_azienda"
"branch";"id_branch"
"branch_consuntivazioni";"codice_azienda"
"branch_consuntivazioni";"id_branch"
"branch_consuntivazioni";"id_cons"
"budget_agente";"anno"
"budget_agente";"codice_azienda"
"budget_agente";"id_agente"
"cab";"codice"
"calendari";"codice_azienda"
"calendari";"codice_calendario"
"calendari_exc";"codice_azienda"
"calendari_exc";"codice_calendario"
"calendari_exc";"data"
"calendari_sincronizzati";"id_cal_sync"
"calendari_sincronizzati";"prog_cal_sync"
"calendari_sincronizzati_az";"codice_azienda"
"calendari_sincronizzati_az";"id_cal_sync"
"calendari_sincronizzati_az";"prog_cal_sync"
"calendari_sincronizzati_server";"id_cal_sync_server"
"cambi";"codice_azienda"
"cambi";"data_cambio"
"cambi";"id_valuta"
"castelletto_riba";"codice_azienda"
"castelletto_riba";"id_castelletto"
"cat_comm_provv_scale";"codice_azienda"
"cat_comm_provv_scale";"codice_cat_comm"
"cat_comm_provv_scale";"id_agente"
"categorie_commerciali";"codice_azienda"
"categorie_commerciali";"codice_cat_comm"
"causali_770";"codice_causale_770"
"causali_770";"quadro_770"
"causali_bolle";"codice_azienda"
"causali_bolle";"codice_causale"
"causali_documenti";"codice_part"
"causali_documenti";"id_causale_doc"
"causali_min_persi";"codice_azienda"
"causali_min_persi";"codice_causale"
"causali_ritenute";"codice_causale_rit"
"cdms_access_log";"codice_azienda"
"cdms_access_log";"log_id"
"cdms_nodi_classificazione";"codice_azienda"
"cdms_nodi_classificazione";"id_nodo_class"
"cdms_nodi_risorse";"codice_azienda"
"cdms_nodi_risorse";"id_nodo_class"
"cdms_nodi_risorse";"id_risorsa"
"cdms_notifiche";"codice_azienda"
"cdms_notifiche";"id_notifica"
"cdms_profili";"codice_azienda"
"cdms_profili";"nome_profilo"
"cdms_risorse";"codice_azienda"
"cdms_risorse";"id_risorsa"
"cdms_risorse_ft";"codice_azienda"
"cdms_risorse_ft";"id_risorsa"
"cdms_risorse_ft";"segmento"
"cdms_risorse_notifiche";"codice_azienda"
"cdms_risorse_notifiche";"id_risorsa"
"cdms_risorse_notifiche";"login_utente"
"cdms_risorse_oggetti";"chiave"
"cdms_risorse_oggetti";"codice_azienda"
"cdms_risorse_oggetti";"id_risorsa"
"cdms_risorse_oggetti";"nome_business_object"
"cdms_risorse_revisioni";"codice_azienda"
"cdms_risorse_revisioni";"id_risorsa"
"cdms_risorse_revisioni";"prog_revisione"
"cdms_risorse_riferimenti";"codice_azienda"
"cdms_risorse_riferimenti";"id_risorsa"
"cdms_risorse_riferimenti";"id_risorsa_ref"
"cdms_risorse_riferimenti";"prog_revisione"
"cdms_template";"codice_azienda"
"cdms_template";"template_name"
"cdms_utenti_profili";"codice_azienda"
"cdms_utenti_profili";"login_utente"
"ce_ammortamenti";"codice_azienda"
"ce_ammortamenti";"id_ammortamento"
"ce_ammortamenti";"id_cespite"
"ce_categorie";"codice_categoria_ce"
"ce_categorie";"codice_gruppo_ce"
"ce_categorie";"codice_specie_ce"
"ce_categorie_az";"codice_azienda"
"ce_categorie_az";"codice_categoria_ce"
"ce_categorie_az";"codice_gruppo_ce"
"ce_categorie_az";"codice_specie_ce"
"ce_categorie_az";"id_categoria_az"
"ce_causali";"codice_tipo"
"ce_causali";"id_causale"
"ce_cespiti";"codice_azienda"
"ce_cespiti";"id_cespite"
"ce_cespiti_doc";"codice_azienda"
"ce_cespiti_doc";"id_cespite"
"ce_cespiti_doc";"id_documento"
"ce_gruppi";"codice_gruppo_ce"
"ce_movimenti";"codice_azienda"
"ce_movimenti";"id_cespite"
"ce_movimenti";"id_movimento"
"ce_movimenti_ft";"codice_azienda"
"ce_movimenti_ft";"codice_tipo_doc"
"ce_movimenti_ft";"codice_tipo_doc_az"
"ce_movimenti_ft";"data_doc"
"ce_movimenti_ft";"id_anagrafica"
"ce_movimenti_ft";"id_cespite"
"ce_movimenti_ft";"id_movimento"
"ce_movimenti_ft";"num_doc"
"ce_piani_ammortamento";"anno_amm"
"ce_piani_ammortamento";"codice_azienda"
"ce_piani_ammortamento";"id_cespite"
"ce_raggruppamenti";"codice_azienda"
"ce_raggruppamenti";"id_raggruppamento"
"ce_specie";"codice_gruppo_ce"
"ce_specie";"codice_specie_ce"
"ce_tipi";"codice_tipo"
"ce_tipi_az";"codice_azienda"
"ce_tipi_az";"codice_tipo"
"ce_tipi_cfg";"codice_tipo"
"ce_tipi_cfg";"data_inizio_validita"
"cee";"id_cee"
"cee_aggregazioni";"id_conto_cee"
"cee_aggregazioni";"id_conto_cee_aggr"
"centri_attivita";"codice_azienda"
"centri_attivita";"id_centro_attivita"
"centri_costo";"codice_azienda"
"centri_costo";"id_centro_costo"
"centri_gestionali";"codice_part"
"centri_gestionali";"id_centro_gest"
"centri_riclass";"codice_part"
"centri_riclass";"id_centro_riclass"
"centri_riclass";"prog_riclass"
"certificazione_unica";"codice_azienda"
"certificazione_unica";"id_certificazione"
"certificazione_unica_documenti";"codice_azienda"
"certificazione_unica_documenti";"id_certificazione"
"certificazione_unica_documenti";"id_certificazione_doc"
"certificazione_unica_pagamenti";"codice_azienda"
"certificazione_unica_pagamenti";"id_certificazione"
"certificazione_unica_pagamenti";"id_certificazione_doc"
"certificazione_unica_pagamenti";"record_key"
"cfg_anag";"codice_azienda"
"cfg_funzioni";"codice_azienda"
"cfg_mod_calendari_esterni";"codice_azienda"
"cfg_mod_compliance";"codice_azienda"
"cfg_mod_progetti";"codice_azienda"
"cfg_mod_segnalazioni";"codice_azienda"
"cfg_moduli";"codice_azienda"
"cfg_welcome_page_utente";"login"
"cicli_produzione";"codice_azienda"
"cicli_produzione";"codice_ciclo"
"cicli_produzione_fasi";"codice_azienda"
"cicli_produzione_fasi";"codice_ciclo"
"cicli_produzione_fasi";"prog_fase"
"classi_fatturazione";"codice_azienda"
"classi_fatturazione";"id_classe_fatt"
"classificazioni_articoli";"codice_azienda"
"classificazioni_articoli";"prog_class"
"clienti_articoli";"codice_azienda"
"clienti_articoli";"codice_variante"
"clienti_articoli";"data_inizio_validita"
"clienti_articoli";"id_articolo"
"clienti_articoli";"id_cliente"
"clienti_magazzini";"codice_azienda"
"clienti_magazzini";"codice_magazzino"
"clienti_magazzini";"id_anagrafica"
"clone_index";"table_name"
"codici_intrastat";"intra_id"
"codici_provenienza";"codice_azienda"
"codici_provenienza";"codice_provenienza"
"codici_studi_settore";"codice"
"codici_tipi_icks";"id_codici_tipi_icks"
"codifica_manutenzioni";"codice_azienda"
"codifica_manutenzioni";"codice_codifica"
"codifica_manutenzioni";"tipo_codifica"
"colleghi_default";"cod_meccanografico"
"colleghi_default";"codice_azienda"
"colleghi_default";"id_anagrafica"
"colleghi_default";"progressivo"
"competenze";"codice_azienda"
"competenze";"id_competenza"
"competenze";"id_documento"
"compiti";"codice_azienda"
"compiti";"codice_compito"
"compiti_argomenti";"codice_azienda"
"compiti_argomenti";"codice_compito"
"compiti_argomenti";"id_argomento"
"compiti_assegnazioni";"codice_azienda"
"compiti_assegnazioni";"codice_compito"
"compiti_assegnazioni";"id_assegnazione"
"compiti_asset";"codice_azienda"
"compiti_asset";"codice_compito"
"compiti_asset";"id_asset"
"compiti_cfg";"codice_azienda"
"compiti_cfg";"codice_compito"
"compiti_dipendenze";"codice_azienda"
"compiti_dipendenze";"codice_compito_child"
"compiti_dipendenze";"codice_compito_parent"
"compiti_eventi";"codice_azienda"
"compiti_eventi";"codice_compito"
"compiti_eventi";"id_evento"
"compiti_fonti_rischio";"codice_azienda"
"compiti_fonti_rischio";"codice_compito"
"compiti_fonti_rischio";"codice_rischio"
"compiti_fonti_rischio";"id_fonte_rischio"
"compiti_msg";"codice_azienda"
"compiti_msg";"codice_compito"
"compiti_msg";"id_msg"
"compiti_presidi";"codice_azienda"
"compiti_presidi";"codice_compito"
"compiti_presidi";"id_presidio"
"compiti_procedure";"codice_azienda"
"compiti_procedure";"codice_compito"
"compiti_procedure";"id_procedura"
"compiti_rif_bo";"codice_azienda"
"compiti_rif_bo";"codice_compito"
"compiti_rif_bo";"object_key"
"compiti_rif_bo";"object_name"
"compiti_rischi";"codice_azienda"
"compiti_rischi";"codice_compito"
"compiti_rischi";"codice_rischio"
"comuni";"codice_comune"
"cond_pag_mesi_esclusi";"codice_azienda"
"cond_pag_mesi_esclusi";"id_condizione_pagamento"
"cond_pag_mesi_esclusi";"mese"
"condizioni_fatturazione";"codice_azienda"
"condizioni_fatturazione";"id_condizione_fatturazione"
"condizioni_pagamento";"codice_azienda"
"condizioni_pagamento";"id_condizione_pagamento"
"configurazioni";"chiave"
"configurazioni_valori";"chiave"
"configurazioni_valori";"codice_azienda"
"configurazioni_valori_part";"chiave"
"configurazioni_valori_part";"codice_part"
"configurazioni_valori_sede";"chiave"
"configurazioni_valori_sede";"codice_azienda"
"configurazioni_valori_sede";"codice_sede"
"consuntivazioni";"codice_azienda"
"consuntivazioni";"id_cons"
"consuntivazioni_cfg";"codice_azienda"
"consuntivazioni_cfg";"id_cons"
"consuntivazioni_log";"codice_azienda"
"consuntivazioni_log";"id_cons"
"consuntivazioni_log";"id_log"
"contatti";"codice_part"
"contatti";"id_anagrafica"
"contatti";"id_contatto"
"conti";"codice_part"
"conti";"codice_template_fiscale"
"conti";"id_conto"
"conti";"id_pdc"
"conti_cee";"id_conto_cee"
"conti_correnti";"codice_azienda"
"conti_correnti";"id_conto_corrente"
"conti_correnti_operazioni";"codice_azienda"
"conti_correnti_operazioni";"id_conto_corrente"
"conti_correnti_operazioni";"id_conto_corrente_op"
"conti_correnti_sedi";"chiave"
"conti_correnti_sedi";"codice_azienda"
"conti_correnti_sedi";"codice_sede"
"conti_ricavo";"codice_azienda"
"conti_ricavo";"codice_cat_comm"
"conti_ricavo";"id_tipo_anagrafica"
"contratti";"codice_azienda"
"contratti";"id_contratto"
"contratti_classificazioni";"codice"
"contratti_classificazioni";"codice_azienda"
"contratti_consuntivazione";"codice_azienda"
"contratti_consuntivazione";"id_consuntivazione"
"contratti_mancanti";"codice_azienda"
"contratti_mancanti";"id_contratti_mancanti"
"contratti_materiali";"codice_azienda"
"contratti_materiali";"id_contratto"
"contratti_materiali";"numero_riga"
"contratti_pacchetti";"codice_azienda"
"contratti_pacchetti";"id_contratto"
"contratti_pacchetti";"id_contratto_risorsa"
"contratti_pacchetti";"id_pacchetto"
"contratti_passivi";"codice_azienda"
"contratti_passivi";"id_contratto_p"
"contratti_passivi_righe";"codice_azienda"
"contratti_passivi_righe";"id_contratto_p"
"contratti_passivi_righe";"id_riga_contratto_p"
"contratti_risorse";"codice_azienda"
"contratti_risorse";"id_contratto"
"contratti_risorse";"id_contratto_risorsa"
"contratti_risorse_asset";"codice_azienda"
"contratti_risorse_asset";"id_asset"
"contratti_risorse_asset";"id_contratto"
"contratti_risorse_asset";"id_contratto_risorsa"
"conversazioni";"codice_azienda"
"conversazioni";"id_conv"
"conversazioni_anag";"codice_azienda"
"conversazioni_anag";"id_anagrafica"
"conversazioni_anag";"id_conv"
"conversazioni_msg";"codice_azienda"
"conversazioni_msg";"id_conv"
"conversazioni_msg";"id_msg"
"costi_fissi_orari";"codice_azienda"
"costi_fissi_orari";"valido_dal"
"costi_std";"codice_azienda"
"costi_std";"data_inizio_validita"
"costi_std";"id_tipo_risorsa"
"costi_std";"rif_risorsa"
"cpl_compiti";"codice_azienda"
"cpl_compiti";"codice_compito"
"cpl_giudizi_verifiche";"codice_azienda"
"cpl_giudizi_verifiche";"id_giudizio"
"cpl_modelli_test";"codice_azienda"
"cpl_modelli_test";"id_modello_test"
"cpl_risk_response";"codice_azienda"
"cpl_risk_response";"id_divisione"
"cpl_risk_response";"id_esercizio"
"cpl_risk_response";"id_risk_response"
"cpl_risultati";"codice_azienda"
"cpl_risultati";"id_risultato"
"cpl_soglie";"codice_azienda"
"cpl_soglie";"id_divisione"
"cpl_soglie";"id_esercizio"
"cpl_soglie";"soglia_a"
"cpl_soglie";"tipo_soglia"
"cpl_srr";"codice_azienda"
"cpl_srr";"id_divisione"
"cpl_srr";"id_esercizio"
"cpl_srr";"soglia_a_int"
"cpl_srr";"soglia_a_pk"
"cpl_srr";"tipo_soglia_int"
"cpl_srr";"tipo_soglia_pk"
"cpl_sv";"codice_azienda"
"cpl_sv";"id_divisione"
"cpl_sv";"id_esercizio"
"cpl_sv";"soglia_a_tot"
"cpl_sv";"soglia_a_v"
"cpl_sv";"tipo_soglia_tot"
"cpl_sv";"tipo_soglia_v"
"cpl_trattamenti_dati";"codice_azienda"
"cpl_trattamenti_dati";"id_trattamento_dati"
"cpl_trattamenti_dati_categorie_dati_personali";"codice_azienda"
"cpl_trattamenti_dati_categorie_dati_personali";"id_trattamenti_dati_categorie_dati_personali"
"cpl_trattamenti_dati_categorie_dati_personali";"id_trattamento_dati"
"cpl_trattamenti_dati_categorie_destinatari";"codice_azienda"
"cpl_trattamenti_dati_categorie_destinatari";"id_trattamenti_dati_categorie_destinatari"
"cpl_trattamenti_dati_categorie_destinatari";"id_trattamento_dati"
"cpl_trattamenti_dati_categorie_interessati";"codice_azienda"
"cpl_trattamenti_dati_categorie_interessati";"id_trattamenti_dati_categorie_interessati"
"cpl_trattamenti_dati_categorie_interessati";"id_trattamento_dati"
"criteri_ragg_fatt";"id_crit_ragg"
"crm_concorrenti_su_clienti";"codice_azienda"
"crm_concorrenti_su_clienti";"id_cliente"
"crm_concorrenti_su_clienti";"id_concorrente"
"crm_concorrenti_su_clienti";"prog_concorrente"
"crm_cond_contr";"codice_part"
"crm_cond_contr";"id_anagrafica"
"crm_cond_contr";"id_cond_contr"
"crm_contatti_eventi";"codice_azienda"
"crm_contatti_eventi";"id_anagrafica"
"crm_contatti_eventi";"id_contatto"
"crm_contatti_eventi";"id_evento"
"crm_dati_commerciali_annuali";"anno"
"crm_dati_commerciali_annuali";"codice_azienda"
"crm_dati_commerciali_annuali";"id_anagrafica"
"crm_eventi";"codice_azienda"
"crm_eventi";"id_evento"
"crm_log_contatti";"codice_azienda"
"crm_log_contatti";"log_id"
"crm_log_contatti_det";"codice_azienda"
"crm_log_contatti_det";"log_id_parent"
"crm_log_contatti_det";"prog_evento"
"crm_modalita_liquidazioni_cond_contr";"codice_part"
"crm_modalita_liquidazioni_cond_contr";"id_modalita_liquidazione_cond_contr"
"crm_obiettivi_su_clienti";"codice_azienda"
"crm_obiettivi_su_clienti";"id_cliente"
"crm_obiettivi_su_clienti";"id_obiettivo"
"crm_periodi_liquidazioni_cond_contr";"codice_part"
"crm_periodi_liquidazioni_cond_contr";"id_periodo_liquidazione_cond_contr"
"crm_rilevazione_prezzi";"codice_azienda"
"crm_rilevazione_prezzi";"id_rilevazione"
"crm_rilevazione_prezzi_righe";"codice_azienda"
"crm_rilevazione_prezzi_righe";"id_riga_rilevazione"
"crm_rilevazione_prezzi_righe";"id_rilevazione"
"crm_tipi_azioni";"codice_azienda"
"crm_tipi_azioni";"id_tipo_azione_crm"
"crm_tipi_clientela_xref";"anno"
"crm_tipi_clientela_xref";"codice_azienda"
"crm_tipi_clientela_xref";"id_anagrafica"
"crm_tipi_clientela_xref";"id_tipo_clientela"
"crm_tipi_cond_contr";"codice_part"
"crm_tipi_cond_contr";"id_tipo_cond_contr"
"crm_tipi_evento";"codice_azienda"
"crm_tipi_evento";"codice_tipo_evento"
"crm_utilizzo_budget_marketing";"anno"
"crm_utilizzo_budget_marketing";"codice_azienda"
"crm_utilizzo_budget_marketing";"id_anagrafica"
"crm_utilizzo_budget_marketing";"id_utilizzo_budget"
"crm_volumi_annuali";"anno"
"crm_volumi_annuali";"codice_azienda"
"crm_volumi_annuali";"codice_cat_comm"
"crm_volumi_annuali";"id_anagrafica"
"data_element";"el_id"
"data_synch";"object"
"data_synch";"referer"
"data_view";"codice_part"
"data_view";"view_id"
"data_view_item";"codice_part"
"data_view_item";"item_id"
"db_esterni";"codice_azienda"
"db_esterni";"id_db"
"db_version";"branch"
"depositi_movimenti";"codice_azienda"
"depositi_movimenti";"id_deposito_movimento"
"derivazioni_contatto";"codice_azienda"
"derivazioni_contatto";"codice_derivazione"
"dichiarazioni_intento";"codice_azienda"
"dichiarazioni_intento";"codice_part"
"dichiarazioni_intento";"data_inizio_validita"
"dichiarazioni_intento";"id_anagrafica"
"distinta";"codice_azienda"
"distinta";"codice_variante"
"distinta";"id_articolo"
"distinta";"prog_distinta"
"distinta_comm";"codice_azienda"
"distinta_comm";"codice_variante"
"distinta_comm";"id_articolo"
"distinta_comm";"prog_distinta"
"divisioni";"codice_azienda"
"divisioni";"id_divisione"
"doc_cfg";"anno"
"doc_cfg";"codice_azienda"
"doc_cfg";"codice_tipo_doc"
"doc_cfg";"codice_tipo_doc_az"
"doc_cfg";"id_divisione"
"doc_cfg";"id_numeratore"
"doc_cfg_iva";"codice_part"
"doc_cfg_iva";"id_doc_cfg_iva"
"documenti";"codice_azienda"
"documenti";"id_documento"
"documenti_arch_doc";"codice_azienda"
"documenti_arch_doc";"id_documento"
"documenti_cfg";"anno"
"documenti_cfg";"codice_azienda"
"documenti_cfg";"codice_tipo_documento"
"documenti_cfg";"id_divisione"
"documenti_cfg";"id_numeratore"
"documenti_movim";"codice_azienda"
"documenti_movim";"id_documento"
"documenti_movim";"id_documento_movim"
"documenti_righe_inc_pag";"codice_azienda"
"documenti_righe_inc_pag";"id_documento"
"documenti_righe_inc_pag";"id_riga_inc_pag"
"domande";"codice_azienda"
"domande";"id_domanda"
"domande";"id_modello_test"
"domande";"id_modello_test_vr"
"domande_presidi";"codice_azienda"
"domande_presidi";"id_domanda"
"domande_presidi";"id_modello_test"
"domande_presidi";"id_modello_test_vr"
"domande_presidi";"id_presidio"
"domande_sezioni";"codice_azienda"
"domande_sezioni";"id_modello_test"
"domande_sezioni";"id_modello_test_vr"
"domande_sezioni";"id_sezione"
"dv_fogli_lavoro";"codice_azienda"
"dv_fogli_lavoro";"data"
"dv_fogli_lavoro";"prog_foglio_lavoro"
"dv_fogli_lavoro_righe";"codice_azienda"
"dv_fogli_lavoro_righe";"codice_zona"
"dv_fogli_lavoro_righe";"data"
"dv_fogli_lavoro_righe";"prog_foglio_lavoro"
"email";"codice_azienda"
"email";"email_id"
"email_address_extension";"codice_azienda"
"email_address_extension";"email_address"
"email_allegati";"codice_azienda"
"email_allegati";"email_id"
"email_allegati";"file_name"
"email_inbox";"codice_azienda"
"email_inbox";"id_email"
"email_inbox_address";"codice_azienda"
"email_inbox_address";"email_address"
"email_inbox_address";"id_email"
"email_inbox_body_part";"codice_azienda"
"email_inbox_body_part";"id_email"
"email_inbox_body_part";"part_number"
"email_inbox_oggetti";"chiave"
"email_inbox_oggetti";"codice_azienda"
"email_inbox_oggetti";"id_email"
"email_inbox_oggetti";"nome_business_object"
"empori_periodi";"codice_azienda"
"empori_periodi";"data_da"
"esercizi";"codice_azienda"
"esercizi";"id_divisione"
"esercizi";"id_esercizio"
"etichette";"codice_azienda"
"etichette";"id_etichetta"
"eventi";"codice_azienda"
"eventi";"id_evento"
"expr_fix";"messaggio"
"expr_fix";"ricerca"
"fabbisogni_ordini_acquisto";"codice_azienda"
"fabbisogni_ordini_acquisto";"codice_variante"
"fabbisogni_ordini_acquisto";"id_articolo"
"fabbisogni_ordini_acquisto";"numero_ordine"
"fabbisogni_ordini_acquisto";"numero_riga"
"fabbisogni_ordini_produzione";"codice_azienda"
"fabbisogni_ordini_produzione";"numero_ordine"
"fabbisogni_ordini_produzione";"prog_fase"
"fabbisogni_ordini_produzione";"prog_fb"
"festivita";"codice"
"filtri_gruppi_banche";"codice_azienda"
"filtri_gruppi_banche";"id_filtro"
"filtri_indirizzi_email";"chiave"
"filtri_indirizzi_email";"codice_azienda"
"filtri_indirizzi_email";"email_address"
"filtri_indirizzi_email";"nome_business_object"
"filtri_selezione_oggetti";"id_filtro_selezione"
"fonti_rischio";"codice_azienda"
"fonti_rischio";"codice_rischio"
"fonti_rischio";"id_fonte_rischio"
"fonti_segnalazioni";"codice_azienda"
"fonti_segnalazioni";"id_fonte_segnalazione"
"fornitori_articoli";"codice_azienda"
"fornitori_articoli";"codice_variante"
"fornitori_articoli";"id_articolo"
"fornitori_articoli";"id_fornitore"
"fre_clienti_sez_listino";"codice_azienda"
"fre_clienti_sez_listino";"codice_part"
"fre_clienti_sez_listino";"codice_voce"
"fre_clienti_sez_listino";"id_anagrafica"
"fre_clienti_sez_listino";"prog_class"
"fre_data_riferimento";"codice_azienda"
"fre_data_riferimento";"username"
"fre_metodi_pesca";"codice_metodo"
"fre_ordinato_giorno";"codice_azienda"
"fre_ordinato_giorno";"codice_variante"
"fre_ordinato_giorno";"data_rif"
"fre_ordinato_giorno";"id_articolo"
"fre_produzione_giorno";"codice_azienda"
"fre_produzione_giorno";"codice_variante"
"fre_produzione_giorno";"data_rif"
"fre_produzione_giorno";"id_articolo"
"fre_registri_ddr";"codice_azienda"
"fre_registri_ddr";"codice_registro"
"garanzie";"codice_azienda"
"garanzie";"id_garanzia"
"gare_appalto";"codice_azienda"
"gare_appalto";"id_gara_appalto"
"giacenze_movimenti";"codice_azienda"
"giacenze_movimenti";"id_movimento"
"giacenze_statistiche";"codice_azienda"
"giacenze_statistiche";"codice_magazzino"
"giacenze_statistiche";"codice_variante"
"giacenze_statistiche";"id_articolo"
"giacenze_valori";"codice_azienda"
"giacenze_valori";"codice_magazzino"
"giacenze_valori";"codice_variante"
"giacenze_valori";"data_rif"
"giacenze_valori";"id_articolo"
"giroconti";"codice_azienda"
"giroconti";"id_documento"
"giroconti";"id_giroconto"
"glossario";"id"
"glossario";"lang_id"
"gruppi";"codice_gruppo"
"gruppi_commerciali";"codice_part"
"gruppi_commerciali";"id_gruppo_commerciale"
"gruppi_lavoro";"codice_part"
"gruppi_lavoro";"id_gruppo_lavoro"
"gruppi_lavoro_membri";"codice_part"
"gruppi_lavoro_membri";"id_anagrafica"
"gruppi_lavoro_membri";"id_gruppo_lavoro"
"gruppi_utenti";"codice_gruppo_utenti"
"im_comp";"codice_azienda"
"im_comp";"id_comp"
"im_contr";"codice_azienda"
"im_contr";"id_contratto"
"im_contr_anno";"anno"
"im_contr_anno";"codice_azienda"
"im_contr_anno";"id_contratto"
"im_contr_canoni";"codice_azienda"
"im_contr_canoni";"dt_inizio"
"im_contr_canoni";"id_contratto"
"im_contr_loc";"codice_azienda"
"im_contr_loc";"id_contratto"
"im_contr_loc";"id_loc"
"im_fatt_errors";"codice_azienda"
"im_fatt_errors";"id"
"im_fatt_errors";"id_batch_fatt"
"im_loc";"codice_azienda"
"im_loc";"id_loc"
"im_loc_pr";"codice_azienda"
"im_loc_pr";"id_loc_pr"
"im_rate";"codice_azienda"
"im_rate";"im_rate_id"
"indici_istat";"anno"
"indipendenti";"codice_part"
"indipendenti";"id_anagrafica"
"indipendenti";"id_indipendente"
"input_output_attributes";"attribute_name"
"input_output_attributes";"object_name"
"input_output_objects";"object_name"
"input_output_operation_elements";"codice_io"
"input_output_operation_elements";"id_element"
"input_output_operation_elements";"object_name"
"input_output_operations";"codice_io"
"input_output_operations";"object_name"
"input_output_relations";"object_name"
"input_output_relations";"rela_name"
"integration_service_log";"log_id"
"interventi";"codice_azienda"
"interventi";"id_intervento"
"interventi_compiti";"codice_azienda"
"interventi_compiti";"codice_compito"
"interventi_compiti";"id_intervento"
"interventi_materiali";"codice_azienda"
"interventi_materiali";"id_intervento"
"interventi_materiali";"id_materiale"
"interventi_risorse";"codice_azienda"
"interventi_risorse";"id_intervento"
"interventi_risorse";"id_risorsa"
"inventari_batch";"codice_azienda"
"inventari_batch";"codice_magazzino"
"inventari_batch";"data_inventario"
"inviti_aziende";"codice_invito"
"inviti_utenti";"codice_invito"
"io_file_map_element_rules";"codice_io"
"io_file_map_element_rules";"codice_io_sub_protocol"
"io_file_map_element_rules";"id_element"
"io_file_map_element_rules";"id_map"
"io_file_map_element_rules";"id_rule"
"io_file_map_element_rules";"object_name"
"io_file_map_elements";"codice_io"
"io_file_map_elements";"codice_io_sub_protocol"
"io_file_map_elements";"id_element"
"io_file_map_elements";"id_map"
"io_file_map_elements";"object_name"
"io_file_maps";"codice_io"
"io_file_maps";"id_map"
"io_file_maps";"object_name"
"item_configuration";"codice_azienda"
"item_configuration";"item_name"
"item_configuration";"view_name"
"job";"job_id"
"job_queue";"codice_azienda"
"job_queue";"job_queue_id"
"job_queue_errors";"codice_azienda"
"job_queue_errors";"id"
"knowledge_base";"codice_azienda"
"knowledge_base";"id_kb"
"lavorazioni_linee";"codice_azienda"
"lavorazioni_linee";"codice_linea"
"lavorazioni_linee";"codice_variante"
"lavorazioni_linee";"id_lavorazione"
"lavorazioni_linee";"id_stabilimento"
"lavorazioni_sottofasi";"codice_azienda"
"lavorazioni_sottofasi";"codice_sottofase"
"lavorazioni_sottofasi";"id_lavorazione"
"lgtc_addebiti";"codice_azienda"
"lgtc_addebiti";"id_addebito"
"lgtc_chilometri_mensili";"anno"
"lgtc_chilometri_mensili";"codice_azienda"
"lgtc_chilometri_mensili";"id_veicolo"
"lgtc_chilometri_mensili";"mese"
"lgtc_interventi";"codice_azienda"
"lgtc_interventi";"data_intervento"
"lgtc_interventi";"id_intervento"
"lgtc_interventi";"id_veicolo"
"lgtc_modelli_veicoli";"codice_azienda"
"lgtc_modelli_veicoli";"id_modello_veicolo"
"lgtc_rifornimenti";"codice_azienda"
"lgtc_rifornimenti";"data_rifornimento"
"lgtc_rifornimenti";"id_rifornimento"
"lgtc_rifornimenti";"id_veicolo"
"lgtc_sinistri";"codice_azienda"
"lgtc_sinistri";"id_sinistro"
"lgtc_spese";"codice_azienda"
"lgtc_spese";"data_spesa"
"lgtc_spese";"id_spesa"
"lgtc_spese";"id_veicolo"
"lgtc_tipi_intervento";"codice_azienda"
"lgtc_tipi_intervento";"id_tipo_intervento"
"lgtc_tipi_rifornimento";"codice_azienda"
"lgtc_tipi_rifornimento";"id_tipo_rifornimento"
"lgtc_tipi_sinistro";"codice_azienda"
"lgtc_tipi_sinistro";"id_tipo_sinistro"
"lgtc_tipi_spesa";"codice_azienda"
"lgtc_tipi_spesa";"id_tipo_spesa"
"lgtc_tratte_viaggi";"codice_azienda"
"lgtc_tratte_viaggi";"id_tratta_viaggio"
"lgtc_tratte_viaggi";"id_viaggio"
"lgtc_veicoli";"codice_azienda"
"lgtc_veicoli";"id_veicolo"
"lgtc_viaggi";"codice_azienda"
"lgtc_viaggi";"id_viaggio"
"linee_produzione";"codice_azienda"
"linee_produzione";"codice_linea"
"linee_produzione";"id_stabilimento"
"lingue";"codice_lingua"
"lingue_ui";"lang_ui"
"liquidazione_iva";"anno"
"liquidazione_iva";"codice_azienda"
"liquidazione_iva";"id_documento"
"liquidazione_iva";"periodo"
"liste_distribuzione";"codice_azienda"
"liste_distribuzione";"id_lista"
"liste_distribuzione_az";"codice_azienda"
"liste_distribuzione_az";"codice_azienda_target"
"liste_distribuzione_az";"id_lista"
"liste_distribuzione_az_cfg";"codice_azienda"
"liste_distribuzione_az_cfg";"codice_azienda_source"
"liste_distribuzione_az_cfg";"id_lista"
"liste_distribuzione_io";"codice_azienda"
"liste_distribuzione_io";"codice_io"
"liste_distribuzione_io";"id_lista"
"liste_distribuzione_io";"object_name"
"liste_distribuzione_oggetti";"codice_azienda"
"liste_distribuzione_oggetti";"codice_io"
"liste_distribuzione_oggetti";"id_lista"
"liste_distribuzione_oggetti";"object_key"
"liste_distribuzione_oggetti";"object_name"
"listini_acquisto";"codice_azienda"
"listini_acquisto";"id_listino"
"listini_generali";"codice_azienda"
"listini_generali";"codice_listino"
"listini_ricarico_cc";"codice_azienda"
"listini_ricarico_cc";"codice_cat_comm"
"listini_ricarico_cc";"codice_listino"
"listini_ricarico_cc";"valido_dal"
"listini_vendita";"codice_azienda"
"listini_vendita";"id_listino"
"listini_vendita_righe";"codice_azienda"
"listini_vendita_righe";"id_listino"
"listini_vendita_righe";"prog_riga"
"loader_service_log";"codice_azienda"
"loader_service_log";"log_id"
"lotti";"codice_azienda"
"lotti";"codice_magazzino"
"lotti";"codice_variante"
"lotti";"id_articolo"
"lotti";"numero_lotto"
"lotti_etichette";"codice_azienda"
"lotti_etichette";"numero_lotto"
"macchine";"codice_azienda"
"macchine";"codice_macchina"
"mag_mov_distinte";"codice_azienda"
"mag_mov_distinte";"id_mov"
"mag_riepilogo";"codice_azienda"
"mag_riepilogo";"codice_magazzino"
"mag_riepilogo";"codice_variante"
"mag_riepilogo";"data_rif"
"mag_riepilogo";"id_articolo"
"magazzini";"codice_azienda"
"magazzini";"codice_magazzino"
"magazzini_ubicazioni";"codice_azienda"
"magazzini_ubicazioni";"codice_magazzino"
"magazzini_ubicazioni";"id_ubicazione"
"mappa_dispositivi";"codice_azienda"
"mappa_dispositivi";"uuid_dispositivo"
"marchi_commerciali";"codice_part"
"marchi_commerciali";"id_marchio_commerciale"
"mct_destinazioni";"codice_azienda"
"mct_destinazioni";"codice_magazzino"
"mct_destinazioni";"numero_operazione"
"mct_destinazioni";"prog_destinazione"
"mct_eventi";"codice_azienda"
"mct_eventi";"codice_magazzino"
"mct_eventi";"id_udc"
"mct_eventi";"prog_evento"
"mct_eventi_picking";"codice_azienda"
"mct_eventi_picking";"codice_magazzino"
"mct_eventi_picking";"id_udc"
"mct_eventi_picking";"numero_ddt_carico"
"mct_eventi_picking";"numero_riga_ddt"
"mct_eventi_picking";"prog_evento"
"mct_inv_pklist";"codice_azienda"
"mct_inv_pklist";"codice_magazzino"
"mct_inv_pklist";"id_inventario"
"mct_inv_pklist";"id_udc"
"mct_inv_pklist";"numero_ddt_carico"
"mct_inv_pklist";"numero_riga_ddt"
"mct_inv_udc";"codice_azienda"
"mct_inv_udc";"codice_magazzino"
"mct_inv_udc";"id_inventario"
"mct_inv_udc";"id_udc"
"mct_inventari";"codice_azienda"
"mct_inventari";"id_inventario"
"mct_operazioni";"codice_azienda"
"mct_operazioni";"codice_magazzino"
"mct_operazioni";"numero_operazione"
"mct_packing_list";"codice_azienda"
"mct_packing_list";"codice_magazzino"
"mct_packing_list";"id_udc"
"mct_packing_list";"numero_ddt_carico"
"mct_packing_list";"numero_riga_ddt"
"mct_saldi";"codice_azienda"
"mct_saldi";"codice_part"
"mct_saldi";"id_batch"
"mct_saldi";"id_cliente"
"mct_tipi_evento";"codice_azienda"
"mct_tipi_evento";"codice_tipo_evento"
"mct_travaso_list";"codice_azienda"
"mct_travaso_list";"codice_magazzino"
"mct_travaso_list";"id_udc"
"mct_travaso_list";"numero_ddt_carico"
"mct_travaso_list";"numero_riga_ddt"
"mct_udc";"codice_azienda"
"mct_udc";"codice_magazzino"
"mct_udc";"id_udc"
"messaggi";"codice_azienda"
"messaggi";"id_messaggio"
"messaggi";"id_tipo_messaggio"
"metodi";"codice_azienda"
"metodi";"id_metodo"
"metodi_lingue";"codice_azienda"
"metodi_lingue";"codice_lingua"
"metodi_lingue";"id_metodo"
"mezzi";"codice_azienda"
"mezzi";"targa_mezzo"
"mgr_profili";"profilo"
"mkt_campagne";"codice_azienda"
"mkt_campagne";"id_campagna"
"mkt_campagne_risorse";"codice_azienda"
"mkt_campagne_risorse";"codice_part"
"mkt_campagne_risorse";"id_campagna"
"mkt_campagne_risorse";"id_risorsa"
"mobile_log";"codice_azienda"
"mobile_log";"mobl_id"
"mod_intra";"codice_azienda"
"mod_intra";"num_rif"
"mod_intra_file";"codice_azienda"
"mod_intra_file";"file_id"
"mod_intra_righe";"codice_azienda"
"mod_intra_righe";"id_riga"
"mod_intra_righe";"num_rif"
"mod_intra_righe";"sezione"
"modelli_test";"codice_azienda"
"modelli_test";"id_modello_test"
"modelli_test_argomenti";"codice_azienda"
"modelli_test_argomenti";"id_argomento"
"modelli_test_argomenti";"id_modello_test"
"modelli_test_risultati";"codice_azienda"
"modelli_test_risultati";"id_risultato"
"modelli_test_risultati_righe";"codice_azienda"
"modelli_test_risultati_righe";"id_risultato"
"modelli_test_risultati_righe";"pct_da"
"modelli_test_sottomodello";"codice_azienda"
"modelli_test_sottomodello";"id_modello_test"
"modelli_test_sottomodello";"id_modello_test_vr"
"modelli_test_sottomodello";"id_sottomodello"
"modelli_test_sottomodello_domande";"codice_azienda"
"modelli_test_sottomodello_domande";"id_domanda"
"modelli_test_sottomodello_domande";"id_modello_test"
"modelli_test_sottomodello_domande";"id_modello_test_vr"
"modelli_test_sottomodello_domande";"id_sottomodello"
"modelli_test_vr";"codice_azienda"
"modelli_test_vr";"id_modello_test"
"modelli_test_vr";"id_modello_test_vr"
"moduli";"codice_modulo"
"motivi_rifiuto_offerta";"codice_motivo_rifiuto"
"nazioni";"codice_nazione"
"note_spese";"codice_azienda"
"note_spese";"id_nota_spese"
"note_spese_righe";"codice_azienda"
"note_spese_righe";"id_nota_spese"
"note_spese_righe";"progressivo"
"numeratori";"anno"
"numeratori";"codice_azienda"
"numeratori";"id_numeratore"
"numeratori_default";"anno"
"numeratori_default";"codice_azienda"
"numeratori_default";"id_numeratore"
"numeratori_default";"nome_utente"
"nv_addizionali";"codice_azienda"
"nv_addizionali";"data_inizio_validita"
"nv_addizionali_righe";"codice_addizionale"
"nv_addizionali_righe";"codice_azienda"
"nv_addizionali_righe";"data_inizio_validita"
"nv_contabilizzazioni";"codice_azienda"
"nv_contabilizzazioni";"id_contabilizzazione"
"nv_rettifiche";"codice_azienda"
"nv_rettifiche";"id_rettifica"
"nv_riepilogo_attivita";"codice_azienda"
"nv_riepilogo_attivita";"id_riepilogo_attivita"
"nv_riepilogo_attivita_righe";"codice_azienda"
"nv_riepilogo_attivita_righe";"data"
"nv_riepilogo_attivita_righe";"id_riepilogo_attivita"
"nv_servizi";"codice_azienda"
"nv_servizi";"id_nv_servizio"
"object_reports";"alias"
"object_reports";"context_object"
"object_reports_az";"alias"
"object_reports_az";"codice_azienda"
"object_reports_az";"context_object"
"object_reports_rcpt";"alias"
"object_reports_rcpt";"codice_azienda"
"object_reports_rcpt";"context_object"
"object_reports_rcpt";"id_anagrafica"
"object_reports_sched";"codice_azienda"
"object_reports_sched";"or_sched_id"
"offerte_concorrenti";"codice_azienda"
"offerte_concorrenti";"id_offerta"
"offerte_concorrenti_righe";"codice_azienda"
"offerte_concorrenti_righe";"id_offerta"
"offerte_concorrenti_righe";"prog_riga"
"oggetti_acquisiti";"codice_azienda"
"oggetti_acquisiti";"object_key"
"oggetti_acquisiti";"object_name"
"olap_cubi";"codice_azienda"
"olap_cubi";"nome_cubo"
"olap_cubi";"nome_modello"
"olap_cubi_dim";"codice_azienda"
"olap_cubi_dim";"nome_cubo"
"olap_cubi_dim";"nome_dimensione"
"olap_cubi_dim";"nome_modello"
"olap_cubi_mis";"codice_azienda"
"olap_cubi_mis";"nome_cubo"
"olap_cubi_mis";"nome_misura"
"olap_cubi_mis";"nome_modello"
"olap_dimensioni";"nome_dimensione"
"olap_dimensioni";"nome_modello"
"olap_dimensioni_rel";"nome_dimensione_figlia"
"olap_dimensioni_rel";"nome_dimensione_padre"
"olap_dimensioni_rel";"nome_modello"
"olap_misure";"nome_misura"
"olap_misure";"nome_modello"
"olap_modelli";"nome_modello"
"olap_periodi";"codice_azienda"
"olap_periodi";"scostamento_a"
"olap_periodi";"scostamento_da"
"olap_query_items";"codice_azienda"
"olap_query_items";"nome_cubo"
"olap_query_items";"nome_modello"
"olap_query_items";"prog_item"
"olap_valori_dimensioni";"nome_dimensione"
"olap_valori_dimensioni";"nome_modello"
"olap_valori_dimensioni";"valore"
"op_massive_distinte";"codice_azienda"
"op_massive_distinte";"id_op"
"ordini_clienti";"codice_azienda"
"ordini_clienti";"numero_ordine"
"ordini_clienti_attivita";"codice_azienda"
"ordini_clienti_attivita";"numero_ordine"
"ordini_clienti_attivita";"prog_attivita_ordine"
"ordini_clienti_offerte";"codice_azienda"
"ordini_clienti_offerte";"numero_offerta"
"ordini_clienti_offerte";"numero_ordine"
"ordini_clienti_persone";"codice_azienda"
"ordini_clienti_persone";"numero_ordine"
"ordini_clienti_persone";"prog_persona"
"ordini_clienti_righe";"codice_azienda"
"ordini_clienti_righe";"numero_ordine"
"ordini_clienti_righe";"numero_riga"
"ordini_fornitori";"codice_azienda"
"ordini_fornitori";"numero_ordine"
"ordini_fornitori_righe";"codice_azienda"
"ordini_fornitori_righe";"numero_ordine"
"ordini_fornitori_righe";"numero_riga"
"ordini_produzione";"codice_azienda"
"ordini_produzione";"numero_ordine"
"ordini_produzione_fasi";"codice_azienda"
"ordini_produzione_fasi";"numero_ordine"
"ordini_produzione_fasi";"prog_fase"
"ordini_produzione_fasi_tempi";"codice_azienda"
"ordini_produzione_fasi_tempi";"codice_sottofase"
"ordini_produzione_fasi_tempi";"data_rilevazione"
"ordini_produzione_fasi_tempi";"id_operatore"
"ordini_produzione_fasi_tempi";"numero_ordine"
"ordini_produzione_fasi_tempi";"prog_fase"
"parametri_bolli";"data_inizio"
"parametri_bolli";"id_parametro_bolli"
"parametri_cee";"codice_azienda"
"parametri_cee";"id_parametro_cee"
"partitario";"codice_azienda"
"partitario";"id_partitario"
"partitario_movim";"codice_azienda"
"partitario_movim";"id_partitario_movim"
"partitario_movim_epc";"codice_part"
"partitario_movim_epc";"id_epc"
"partitario_operazioni";"codice_azienda"
"partitario_operazioni";"id_partitario"
"partitario_operazioni";"id_partitario_op"
"partitario_pagamenti";"codice_azienda"
"partitario_pagamenti";"id_partitario_pag"
"partite_master_log";"codice_azienda"
"partite_master_log";"id_documento"
"partite_master_log";"id_documento_partita_master"
"partizioni";"codice_part"
"pdc";"codice_part"
"pdc";"codice_template_fiscale"
"pdc";"id_pdc"
"periodi";"data_a"
"periodi";"data_da"
"periodi";"tipo"
"periodi_enasarco_att";"anno"
"periodi_enasarco_att";"codice_azienda"
"periodi_enasarco_att";"codice_causale_rit"
"periodi_enasarco_att";"id_agente"
"periodi_enasarco_att";"id_cliente"
"periodi_enasarco_att";"periodo"
"periodi_enasarco_pass";"anno"
"periodi_enasarco_pass";"codice_azienda"
"periodi_enasarco_pass";"codice_causale_rit"
"periodi_enasarco_pass";"id_agente"
"periodi_enasarco_pass";"periodo"
"periodi_fatturazione";"codice_azienda"
"periodi_fatturazione";"giorno"
"periodi_fatturazione";"mese"
"picking";"codice_azienda"
"picking";"codice_magazzino"
"picking";"numero_picking"
"picking_righe";"codice_azienda"
"picking_righe";"codice_magazzino"
"picking_righe";"numero_picking"
"picking_righe";"numero_riga"
"politiche_sollecito";"codice_azienda"
"politiche_sollecito";"id_politica"
"politiche_sollecito_casi";"codice_azienda"
"politiche_sollecito_casi";"id_politica"
"politiche_sollecito_casi";"prog_caso"
"pratiche_credito";"codice_part"
"pratiche_credito";"numero_pratica"
"pratiche_credito_crediti";"codice_azienda"
"pratiche_credito_crediti";"codice_part"
"pratiche_credito_crediti";"id_partitario"
"pratiche_credito_crediti";"numero_pratica"
"presidi";"codice_azienda"
"presidi";"id_presidio"
"prestazioni_dettaglio";"codice_azienda"
"prestazioni_dettaglio";"id_prestazioni"
"prestazioni_parametri";"codice_azienda"
"prestazioni_parametri";"id_prestazioni_parametri"
"prestazioni_periodo";"codice_azienda"
"prestazioni_periodo";"id_prestazioni_periodo"
"prestazioni_periodo_righe";"codice_azienda"
"prestazioni_periodo_righe";"id_periodo_righe"
"prezzi_cat_comm_lv";"codice_azienda"
"prezzi_cat_comm_lv";"codice_cat_comm"
"prezzi_cat_comm_lv";"codice_part"
"prezzi_cat_comm_lv";"codice_variante"
"prezzi_cat_comm_lv";"id_articolo"
"prezzi_cat_comm_lv";"id_cliente"
"prezzi_cat_comm_lv";"valido_dal"
"prezzi_listini_acquisto";"codice_azienda"
"prezzi_listini_acquisto";"codice_variante"
"prezzi_listini_acquisto";"id_articolo"
"prezzi_listini_acquisto";"id_listino"
"prezzi_listini_acquisto";"qta_da"
"prezzi_listini_acquisto_cat";"codice_azienda"
"prezzi_listini_acquisto_cat";"codice_cat_comm"
"prezzi_listini_acquisto_cat";"id_listino"
"prezzi_listini_acquisto_cat";"qta_da"
"prezzi_vendita";"codice_azienda"
"prezzi_vendita";"codice_variante"
"prezzi_vendita";"id_articolo"
"prezzi_vendita";"id_valuta"
"prezzi_vendita";"riferimento"
"prezzi_vendita";"valido_dal"
"prezzi_vendita_scag";"codice_azienda"
"prezzi_vendita_scag";"codice_variante"
"prezzi_vendita_scag";"id_articolo"
"prezzi_vendita_scag";"id_valuta"
"prezzi_vendita_scag";"prog_scaglione"
"prezzi_vendita_scag";"riferimento"
"prezzi_vendita_scag";"valido_dal"
"priorita_sla";"codice_azienda"
"priorita_sla";"id_priorita"
"procedure_aziendali";"codice_azienda"
"procedure_aziendali";"id_procedura"
"prod_sim_input";"codice_azienda"
"prod_sim_input";"codice_variante"
"prod_sim_input";"id_articolo"
"prod_sim_input";"id_simulazione"
"prod_sim_output";"codice_azienda"
"prod_sim_output";"codice_variante"
"prod_sim_output";"id_articolo"
"prod_sim_output";"id_simulazione"
"prod_simulazioni";"codice_azienda"
"prod_simulazioni";"id_simulazione"
"produttori";"codice_azienda"
"produttori";"codice_produttore"
"profili";"nome"
"profili_amministrabili";"nome_profilo"
"profili_amministrabili";"nome_profilo_amministrabile"
"profili_ereditati";"nome"
"profili_ereditati";"nome_ereditato"
"progetti";"codice_azienda"
"progetti";"id_progetto"
"progetti_fasi";"codice_azienda"
"progetti_fasi";"id_fase"
"progetti_fasi_relazioni";"codice_azienda"
"progetti_fasi_relazioni";"id_fase_prec"
"progetti_fasi_relazioni";"id_fase_succ"
"progetti_fasi_tr";"codice_azienda"
"progetti_fasi_tr";"id_fase"
"progetti_fasi_tr";"id_pftr"
"progetti_fasi_vincoli";"codice_azienda"
"progetti_fasi_vincoli";"id_fase"
"progetti_fasi_vincoli";"id_fase_rif"
"progetti_fasi_vincoli";"id_versione"
"progetti_fasi_vr";"codice_azienda"
"progetti_fasi_vr";"id_fase"
"progetti_fasi_vr";"id_versione"
"progetti_fasi_zone";"codice_azienda"
"progetti_fasi_zone";"codice_zona"
"progetti_fasi_zone";"id_fase"
"progetti_vr";"codice_azienda"
"progetti_vr";"id_versione"
"province";"codice_provincia"
"provv_age";"codice_azienda"
"provv_age";"id_agente"
"provv_age";"valido_dal"
"provv_cat_comm";"codice_azienda"
"provv_cat_comm";"codice_cat_comm"
"provv_cat_comm";"id_agente"
"provv_cat_comm";"valido_dal"
"provv_cli";"codice_azienda"
"provv_cli";"id_agente"
"provv_cli";"id_cliente"
"provv_cli";"valido_dal"
"provvigioni";"codice_azienda"
"provvigioni";"id_provvigione"
"provvigioni_autorizzate";"codice_azienda"
"provvigioni_autorizzate";"id_documento"
"provvigioni_autorizzate";"id_provvigione"
"ratei_risconti";"codice_azienda"
"ratei_risconti";"id_ratei_risconti"
"ratei_risconti_rettifiche";"codice_azienda"
"ratei_risconti_rettifiche";"id_documento"
"ratei_risconti_rettifiche";"id_ratei_risconti"
"ratei_risconti_rettifiche";"tipo"
"recupero_numeri_sequenze";"az_key"
"recupero_numeri_sequenze";"chiave"
"recupero_numeri_sequenze";"codice_part"
"recupero_numeri_sequenze";"nome_entita"
"recupero_numeri_sequenze";"valore"
"redditometro";"codice_azienda"
"redditometro";"id_redditometro"
"redditometro_righe";"codice_azienda"
"redditometro_righe";"id_documento"
"redditometro_righe";"id_redditometro"
"reg_analitica";"codice_azienda"
"reg_analitica";"id_reg_analitica"
"reg_analitica_tmp";"codice_azienda"
"reg_analitica_tmp";"id_reg_analitica"
"reg_contabili";"codice_azienda"
"reg_contabili";"id_documento"
"reg_contabili";"id_reg_contabile"
"reg_contabili_tmp";"codice_azienda"
"reg_contabili_tmp";"id_documento"
"reg_contabili_tmp";"id_reg_contabile"
"reg_iva";"codice_azienda"
"reg_iva";"id_documento"
"reg_iva";"id_reg_iva"
"regioni";"codice_regione"
"registratori_cassa";"codice_azienda"
"registratori_cassa";"id_cassa"
"regole_sequenze";"az_key"
"regole_sequenze";"codice_part"
"regole_sequenze";"nome_entita"
"resoconti";"codice_azienda"
"resoconti";"numero_resoconto"
"resoconti_righe";"codice_azienda"
"resoconti_righe";"id_riga"
"resoconti_righe";"numero_resoconto"
"rettifiche_pro_rata";"codice_azienda"
"rettifiche_pro_rata";"id_documento"
"rettifiche_pro_rata";"id_riga_documento"
"richieste_acquisto";"codice_azienda"
"richieste_acquisto";"numero_rda"
"richieste_acquisto_righe";"codice_azienda"
"richieste_acquisto_righe";"numero_rda"
"richieste_acquisto_righe";"numero_riga"
"richieste_offerta";"codice_azienda"
"richieste_offerta";"numero_richiesta"
"richieste_offerta_attivita";"codice_azienda"
"richieste_offerta_attivita";"numero_richiesta"
"richieste_offerta_attivita";"prog_attivita"
"richieste_offerta_pa";"codice_azienda"
"richieste_offerta_pa";"numero_richiesta"
"richieste_offerta_pa";"prog_attivita"
"richieste_offerta_pa";"prog_persona"
"richieste_offerta_persone";"codice_azienda"
"richieste_offerta_persone";"numero_richiesta"
"richieste_offerta_persone";"prog_persona"
"richieste_offerta_righe";"codice_azienda"
"richieste_offerta_righe";"numero_richiesta"
"richieste_offerta_righe";"prog_riga"
"richieste_ragg_sf";"codice_azienda"
"richieste_ragg_sf";"id_richiesta"
"riclass";"codice_part"
"riclass";"codice_template_fiscale"
"riclass";"id_pdc"
"riclass";"id_riclass"
"riclass_sottoconti";"codice_part"
"riclass_sottoconti";"codice_template_fiscale"
"riclass_sottoconti";"id_pdc"
"riclass_sottoconti";"id_riclass"
"riclass_sottoconti";"id_sottoconto"
"righe_contratti_mancanti";"codice_azienda"
"righe_contratti_mancanti";"id_riga_contratti_mancanti"
"righe_documento";"codice_azienda"
"righe_documento";"id_documento"
"righe_documento";"id_riga_documento"
"righe_partitario_pagamenti";"codice_azienda"
"righe_partitario_pagamenti";"id_riga_partitario_pag"
"rilasci";"codice_azienda"
"rilasci";"id_branch"
"rilasci";"id_rilascio"
"rinnovo_contratti";"codice_azienda"
"rinnovo_contratti";"id_rinnovo"
"rinnovo_prezzi_vendita";"codice_azienda"
"rinnovo_prezzi_vendita";"id_rinnovo"
"rischi";"codice_azienda"
"rischi";"codice_rischio"
"rischi_argomenti";"codice_azienda"
"rischi_argomenti";"codice_rischio"
"rischi_argomenti";"id_argomento"
"rischi_articoli_normativi";"codice_articolo_normativo"
"rischi_articoli_normativi";"codice_azienda"
"rischi_articoli_normativi";"codice_rischio"
"rischi_articoli_normativi";"id_testo_normativo"
"rischi_presidi";"codice_azienda"
"rischi_presidi";"codice_rischio"
"rischi_presidi";"id_presidio"
"rischi_tipi";"codice_azienda"
"rischi_tipi";"codice_rischio"
"rischi_tipi";"id_tipo_rischio"
"risposte";"codice_azienda"
"risposte";"id_domanda"
"risposte";"id_modello_test"
"risposte";"id_modello_test_vr"
"risposte";"id_risposta"
"risposte";"id_somministrazione"
"risposte";"id_sondaggio"
"risposte_previste";"codice_azienda"
"risposte_previste";"id_domanda"
"risposte_previste";"id_modello_test"
"risposte_previste";"id_modello_test_vr"
"risposte_previste";"id_risposta_prev"
"ritenute";"codice_azienda"
"ritenute";"codice_causale_rit"
"ritenute";"id_documento"
"ruoli";"codice_ruolo"
"ruoli_anagrafiche";"codice_azienda"
"ruoli_anagrafiche";"codice_part"
"ruoli_anagrafiche";"codice_ruolo"
"ruoli_anagrafiche";"id_anagrafica"
"scadenzario_terzi";"codice_azienda"
"scadenzario_terzi";"id_documento"
"scadenzario_terzi";"id_scadenza_terzi"
"scale_provvigioni";"codice_azienda"
"scale_provvigioni";"data_inizio"
"scale_provvigioni";"id_tipo_scala_provv"
"scale_provvigioni_valori";"codice_azienda"
"scale_provvigioni_valori";"data_inizio"
"scale_provvigioni_valori";"id_tipo_scala_provv"
"scale_provvigioni_valori";"sconto"
"schemi_dati_produzione";"codice_schema"
"sconti_cat_comm_cli";"codice_azienda"
"sconti_cat_comm_cli";"codice_cat_comm"
"sconti_cat_comm_cli";"id_cliente"
"sconti_cat_comm_cli";"valido_dal"
"sconti_forn_cli";"codice_azienda"
"sconti_forn_cli";"id_cliente"
"sconti_forn_cli";"id_fornitore"
"sconti_forn_cli";"riferimento"
"sconti_forn_cli";"valido_dal"
"sconti_sede";"codice_azienda"
"sconti_sede";"riferimento"
"sconti_sede";"valido_dal"
"scontrini";"codice_azienda"
"scontrini";"progressivo"
"scontrini_righe";"codice_azienda"
"scontrini_righe";"prog_riga"
"scontrini_righe";"progressivo"
"scorte_minime";"codice_azienda"
"scorte_minime";"codice_magazzino"
"scorte_minime";"codice_variante"
"scorte_minime";"id_articolo"
"sedi";"codice_part"
"sedi";"codice_sede"
"sedi_azienda";"codice_azienda"
"sedi_azienda";"codice_sede"
"sedi_azienda_cg";"codice_azienda"
"sedi_azienda_cg";"codice_part"
"sedi_azienda_cg";"codice_sede"
"sedi_azienda_cg";"id_centro_gest"
"segreti";"codice_azienda"
"segreti";"id_segreto"
"sequenze";"az_key"
"sequenze";"chiave"
"sequenze";"codice_part"
"sequenze";"nome_entita"
"serie_ripetizioni";"codice_azienda"
"serie_ripetizioni";"id_serie"
"serie_ripetizioni_oggetti";"codice_azienda"
"serie_ripetizioni_oggetti";"id_serie"
"serie_ripetizioni_oggetti";"object_key"
"serie_ripetizioni_oggetti";"object_name"
"servizi";"codice_part"
"servizi";"id_servizio"
"servizi_compensi";"codice_azienda"
"servizi_compensi";"prog_compenso"
"servizi_compensi";"uuid_sf"
"servizi_compenso_listino";"codice_azienda"
"servizi_compenso_listino";"codice_part"
"servizi_compenso_listino";"data_inizio_validita"
"servizi_compenso_listino";"id_servizio_off"
"servizi_compenso_listino";"tipo_compenso"
"servizi_comprati";"codice_part"
"servizi_comprati";"id_servizio_comp"
"servizi_comprati_contratti";"codice_azienda"
"servizi_comprati_contratti";"id_scco"
"servizi_fatturazione";"codice_azienda"
"servizi_fatturazione";"uuid_servizi_fatturazione"
"servizi_offerti";"codice_part"
"servizi_offerti";"id_servizio_off"
"servizi_produzione";"anno"
"servizi_produzione";"codice_azienda"
"servizi_produzione";"codice_part"
"servizi_produzione";"codice_schema"
"servizi_produzione";"id_cliente"
"servizi_segmenti";"codice_part"
"servizi_segmenti";"codice_segmento"
"servizi_segmenti";"id_servizio"
"servizi_tipo_compenso";"codice_part"
"servizi_tipo_compenso";"id_servizio"
"servizi_tipo_compenso";"tipo_compenso"
"sistemi_esterni";"codice_part"
"sistemi_esterni";"codice_sistema"
"sistemi_esterni_decodifica";"chiave"
"sistemi_esterni_decodifica";"codice"
"sistemi_esterni_decodifica";"codice_part"
"sistemi_esterni_decodifica";"codice_sistema"
"sistemi_esterni_decodifica";"nome_bo"
"sistemi_esterni_iva";"codice_part"
"sistemi_esterni_iva";"codice_sistema"
"sistemi_esterni_oggetti";"codice_part"
"sistemi_esterni_oggetti";"codice_sistema"
"sistemi_esterni_oggetti";"nome_bo"
"sistemi_esterni_tabelle";"codice"
"sistemi_esterni_tabelle";"codice_part"
"sistemi_esterni_tabelle";"codice_sistema"
"sistemi_esterni_tabelle";"codice_tabella"
"soci";"codice_azienda"
"soci";"id_socio"
"soci_eventi";"codice_azienda"
"soci_eventi";"id_evento"
"soci_eventi";"id_socio"
"soci_movim";"codice_azienda"
"soci_movim";"id_movimento"
"soci_movim";"id_socio"
"soci_tipi_movimento";"codice_tipo_mov"
"sondaggi";"codice_azienda"
"sondaggi";"id_sondaggio"
"sondaggi_agende";"codice_azienda"
"sondaggi_agende";"id_agenda"
"sondaggi_agende";"id_somministrazione_nn"
"sondaggi_agende";"id_sondaggio"
"sondaggi_somministrati";"codice_azienda"
"sondaggi_somministrati";"id_somministrazione"
"sondaggi_somministrati";"id_sondaggio"
"sondaggi_somministrati_oggetti_considerati";"codice_azienda"
"sondaggi_somministrati_oggetti_considerati";"id_somministrazione"
"sondaggi_somministrati_oggetti_considerati";"id_sondaggio"
"sondaggi_somministrati_oggetti_considerati";"object_key"
"sondaggi_somministrati_oggetti_considerati";"object_name"
"sottoconti";"codice_part"
"sottoconti";"codice_template_fiscale"
"sottoconti";"id_pdc"
"sottoconti";"id_sottoconto"
"sottoconti_ft";"codice_part"
"sottoconti_ft";"codice_template_fiscale"
"sottoconti_ft";"id_pdc"
"sottoconti_ft";"id_sottoconto"
"sottoconti_ft";"word"
"sottoconti_ra";"codice_azienda"
"sottoconti_ra";"codice_template_fiscale"
"sottoconti_ra";"data_inizio_validita"
"sottoconti_ra";"id_pdc"
"sottoconti_ra";"id_sottoconto"
"sottoconti_sedi";"codice_part"
"sottoconti_sedi";"codice_sede"
"sottoconti_sedi";"codice_template_fiscale"
"sottoconti_sedi";"id_pdc"
"sottoconti_sedi";"id_sottoconto"
"sottoconti_std";"codice_azienda"
"sottoconti_std";"id_divisione"
"sottoconti_std";"id_esercizio"
"sottoconti_std";"tipo"
"sottoconti_vr";"codice_part"
"sottoconti_vr";"codice_template_fiscale"
"sottoconti_vr";"id_pdc"
"sottoconti_vr";"id_sottoconto"
"sottoconti_vr";"id_sottoconto_vr"
"spese";"codice_azienda"
"spese";"id_spesa"
"spesometro_2012";"codice_azienda"
"spesometro_2012";"id_spesometro"
"spesometro_2012_cfg_aliquote";"codice_aliquota"
"spesometro_2012_cfg_aliquote";"codice_azienda"
"spesometro_2012_cfg_aliquote";"id_spesometro"
"spesometro_2012_reg_iva";"codice_azienda"
"spesometro_2012_reg_iva";"id_documento"
"spesometro_2012_reg_iva";"id_reg_iva"
"spesometro_2012_reg_iva";"id_spesometro"
"spesometro_2012_totali";"chiave_aggregazione"
"spesometro_2012_totali";"codice_azienda"
"spesometro_2012_totali";"id_spesometro"
"spesometro_2012_totali_sa";"chiave_aggregazione"
"spesometro_2012_totali_sa";"codice_azienda"
"spesometro_2012_totali_sa";"id_spesometro"
"stampa_libro_cespiti";"codice_azienda"
"stampa_libro_cespiti";"id_divisione"
"stampa_libro_cespiti";"id_esercizio"
"stampa_libro_cespiti";"id_slce"
"stampa_libro_giornale";"codice_azienda"
"stampa_libro_giornale";"id_stampa"
"stampa_libro_iva";"codice_azienda"
"stampa_libro_iva";"id_stampa"
"stampe_bilancio";"codice_azienda"
"stampe_bilancio";"id_sb"
"stampe_bilancio_aziende";"codice_azienda"
"stampe_bilancio_aziende";"codice_azienda_sel"
"stampe_bilancio_aziende";"id_sb"
"stampe_bilancio_divisioni";"codice_azienda"
"stampe_bilancio_divisioni";"id_divisione"
"stampe_bilancio_divisioni";"id_sb"
"stampe_bilancio_righe";"codice_azienda"
"stampe_bilancio_righe";"id_sb"
"stampe_bilancio_righe";"tree_path"
"stampe_bilancio_val_mag";"codice_azienda"
"stampe_bilancio_val_mag";"codice_cat_comm"
"stampe_bilancio_val_mag";"id_sb"
"stampe_saldi_clienti";"codice_azienda"
"stampe_saldi_clienti";"id_stampa_saldo_cliente"
"stampe_saldi_contabili";"codice_azienda"
"stampe_saldi_contabili";"id_stampa_saldo_contabile"
"tag_oggetti";"chiave"
"tag_oggetti";"codice_azienda"
"tag_oggetti";"id_tag"
"tag_oggetti";"nome_business_object"
"tags";"codice_azienda"
"tags";"id_tag"
"tariffe_std";"codice_azienda"
"tariffe_std";"data_inizio_validita"
"tariffe_std";"id_tipo_risorsa"
"tassi_interesse_legale";"data_al"
"tassi_interesse_legale";"data_dal"
"template_documenti";"codice_azienda"
"template_documenti";"id_template"
"template_documenti_tpl";"codice_azienda"
"template_documenti_tpl";"id_template_tpl"
"template_fiscali";"codice_part"
"template_fiscali";"codice_template_fiscale"
"template_risposte_previste";"codice_azienda"
"template_risposte_previste";"id_template_rp"
"template_risposte_previste_righe";"codice_azienda"
"template_risposte_previste_righe";"id_riga"
"template_risposte_previste_righe";"id_template_rp"
"template_testi";"codice_azienda"
"template_testi";"id_template"
"template_testi_lingue";"codice_azienda"
"template_testi_lingue";"codice_lingua"
"template_testi_lingue";"id_template"
"tessere_empori";"codice_azienda"
"tessere_empori";"id_tessera"
"tessere_empori_eccezioni_prelievi";"codice_azienda"
"tessere_empori_eccezioni_prelievi";"id_eccezione_prelievo"
"tessere_empori_eccezioni_prelievi";"id_tessera"
"tessere_empori_periodi";"codice_azienda"
"tessere_empori_periodi";"data_da"
"tessere_empori_periodi";"id_tessera"
"tessere_empori_vr";"codice_azienda"
"tessere_empori_vr";"id_tessera"
"tessere_empori_vr";"id_tessera_vr"
"testi_normativi";"id_testo_normativo"
"tipi_allegati";"codice_azienda"
"tipi_allegati";"id_tipo_allegato"
"tipi_anagrafiche";"codice_azienda"
"tipi_anagrafiche";"id_tipo_anagrafica"
"tipi_anagrafiche_cfg";"codice_azienda"
"tipi_anagrafiche_cfg";"codice_tipo_sottoconto_anag"
"tipi_anagrafiche_cfg";"id_tipo_anagrafica"
"tipi_articolo";"codice_azienda"
"tipi_articolo";"codice_tipo_articolo"
"tipi_attivita";"codice_azienda"
"tipi_attivita";"codice_tipo_attivita"
"tipi_attivita_righe";"codice_azienda"
"tipi_attivita_righe";"codice_tipo_attivita"
"tipi_attivita_righe";"prog_riga"
"tipi_attivita_righe_op";"codice_azienda"
"tipi_attivita_righe_op";"codice_tipo_attivita"
"tipi_attivita_righe_op";"prog_riga_child"
"tipi_attivita_righe_op";"prog_riga_parent"
"tipi_avviso";"codice_azienda"
"tipi_avviso";"id_tipo_avviso"
"tipi_avviso_parametri";"id_tipo_avviso"
"tipi_avviso_parametri";"prog"
"tipi_avviso_std";"id_tipo_avviso"
"tipi_clientela";"codice_part"
"tipi_clientela";"id_tipo_clientela"
"tipi_confezionamenti";"codice_azienda"
"tipi_confezionamenti";"id_tipo_confezionamento"
"tipi_contatto";"codice_part"
"tipi_contatto";"codice_tipo_contatto"
"tipi_contratto";"codice_azienda"
"tipi_contratto";"id_tipo_contratto"
"tipi_doc";"codice_tipo_doc"
"tipi_doc_az";"codice_azienda"
"tipi_doc_az";"codice_tipo_doc"
"tipi_doc_az";"codice_tipo_doc_az"
"tipi_doc_az_causali_ddt";"codice_azienda"
"tipi_doc_az_causali_ddt";"codice_causale"
"tipi_doc_az_causali_ddt";"codice_tipo_doc"
"tipi_doc_az_causali_ddt";"codice_tipo_doc_az"
"tipi_doc_az_movim_ctb";"codice_azienda"
"tipi_doc_az_movim_ctb";"codice_tipo_doc"
"tipi_doc_az_movim_ctb";"codice_tipo_doc_az"
"tipi_doc_az_movim_ctb";"id_movim_ctb"
"tipi_doc_movim_ctb";"codice_tipo_doc"
"tipi_doc_movim_ctb";"id_movim_ctb"
"tipi_documento";"codice_tipo_documento"
"tipi_fasi_progetti";"codice_azienda"
"tipi_fasi_progetti";"id_tipo_fase"
"tipi_fonti_rischio";"codice_azienda"
"tipi_fonti_rischio";"codice_tipo_fonte_rischio"
"tipi_garanzia";"codice_azienda"
"tipi_garanzia";"id_tipo_garanzia"
"tipi_imballo";"codice_azienda"
"tipi_imballo";"id_tipo_imballo"
"tipi_impegno";"codice_azienda"
"tipi_impegno";"codice_impegno"
"tipi_lavorazioni";"codice_azienda"
"tipi_lavorazioni";"id_tipo_lavorazione"
"tipi_luogo_impegni";"codice_azienda"
"tipi_luogo_impegni";"codice_tipo_luogo"
"tipi_messaggi";"id_tipo_messaggio"
"tipi_messaggi_az";"codice_azienda"
"tipi_messaggi_az";"id_tipo_messaggio"
"tipi_modelli_test_risultati";"codice_azienda"
"tipi_modelli_test_risultati";"id_tipo_risultato"
"tipi_modelli_test_risultati_righe";"codice_azienda"
"tipi_modelli_test_risultati_righe";"id_tipo_risultato"
"tipi_modelli_test_risultati_righe";"prog_riga"
"tipi_modello_test";"codice_azienda"
"tipi_modello_test";"id_tipo_modello_test"
"tipi_numeratore";"codice_azienda"
"tipi_numeratore";"id_numeratore"
"tipi_porto";"codice"
"tipi_porto";"codice_azienda"
"tipi_processi";"codice_azienda"
"tipi_processi";"id_tipo_processo"
"tipi_produzioni";"codice_azienda"
"tipi_produzioni";"id_tipo_produzione"
"tipi_progetti";"codice_azienda"
"tipi_progetti";"id_tipo_progetto"
"tipi_rischio";"codice_azienda"
"tipi_rischio";"id_tipo_rischio"
"tipi_risorsa";"codice_azienda"
"tipi_risorsa";"id_tipo_risorsa"
"tipi_risposte_previste";"codice_azienda"
"tipi_risposte_previste";"codice_tipo_risposta"
"tipi_ruolo_contatto";"codice_part"
"tipi_ruolo_contatto";"codice_ruolo"
"tipi_segnalazioni";"codice_azienda"
"tipi_segnalazioni";"id_tipo_segnalazione"
"tipi_segreti";"codice_azienda"
"tipi_segreti";"id_tipo_segreto"
"tipi_sottoconto_anag";"codice_part"
"tipi_sottoconto_anag";"codice_tipo_sottoconto_anag"
"tipi_spedizione";"codice"
"tipi_spedizione";"codice_azienda"
"tipi_taglie";"codice_azienda"
"tipi_taglie";"id_tipo_taglia"
"tipi_token";"id_tipo_messaggio"
"tipi_token";"mnemonico_token"
"tipi_token_az";"codice_azienda"
"tipi_token_az";"id_tipo_messaggio"
"tipi_token_az";"mnemonico_token"
"tipi_upload";"id_tipo_upload"
"tipi_variante";"codice_azienda"
"tipi_variante";"codice_tipo_variante"
"tipi_variante_articolo";"codice_azienda"
"tipi_variante_articolo";"codice_tipo_variante"
"tipi_variante_articolo";"id_articolo"
"tipi_zone_aree";"codice_azienda"
"tipi_zone_aree";"id_tipo_zona_area"
"tipo_scale_provvigioni";"codice_azienda"
"tipo_scale_provvigioni";"id_tipo_scala_provv"
"tokens";"token_uuid"
"tr_riepilogo_giornaliero";"codice_azienda"
"tr_riepilogo_giornaliero";"data_riepilogo"
"tr_riepilogo_giornaliero_indicatori";"codice_azienda"
"tr_riepilogo_giornaliero_indicatori";"data_riepilogo"
"tr_riepilogo_giornaliero_indicatori";"ora_riepilogo"
"translations";"id"
"translations";"lang_from"
"translations";"lang_to"
"um_scaglioni";"codice_um"
"unita_misura";"codice_azienda"
"unita_misura";"codice_um"
"upload_documenti";"codice_azienda"
"upload_documenti";"id_upload"
"upload_file";"codice_azienda"
"upload_file";"id_upload"
"uscite_cl";"codice_azienda"
"uscite_cl";"codice_magazzino"
"uscite_cl";"numero_bolla"
"uscite_cl";"numero_ordine"
"uscite_cl";"prog_fase"
"user_log";"log_id"
"utenti";"login"
"utenti_area_doc";"codice_azienda"
"utenti_area_doc";"id_risorsa"
"utenti_area_doc";"login"
"utenti_azienda";"codice_azienda"
"utenti_azienda";"login"
"utenti_clienti_visibili";"codice_part"
"utenti_clienti_visibili";"id_anagrafica"
"utenti_clienti_visibili";"login"
"utenti_login";"login"
"utilizzo_punti_altri_empori";"codice_azienda"
"utilizzo_punti_altri_empori";"codice_emporio"
"utilizzo_punti_altri_empori";"codice_fiscale"
"utilizzo_punti_altri_empori";"data_da"
"valori_variante";"codice_azienda"
"valori_variante";"codice_tipo_variante"
"valori_variante";"codice_valore"
"valori_variante_articolo";"codice_azienda"
"valori_variante_articolo";"codice_tipo_variante"
"valori_variante_articolo";"codice_valore"
"valori_variante_articolo";"id_articolo"
"valute";"codice_part"
"valute";"id_valuta"
"versamenti_f24";"codice_azienda"
"versamenti_f24";"id_documento"
"versamenti_f24";"id_versamento"
"voci_classificazione_art";"codice"
"voci_classificazione_art";"codice_azienda"
"voci_classificazione_art";"prog_class"
"ws_partner";"codice_azienda"
"ws_partner";"codice_partner"
"zone";"codice_azienda"
"zone";"codice_zona"
"zone_anagrafiche";"codice_azienda"
"zone_anagrafiche";"codice_zona"
"zone_anagrafiche";"id_anagrafica"
"zone_aree";"codice_azienda"
"zone_aree";"codice_zona"
"zone_aree";"id_zona_area"
